"rgb_colors:0","rgb_colors:1","rgb_colors:2","z","Points:0","Points:1","Points:2"
0,0,0,0.005,0.545,-0.475,0.005
0,0,0,0.005,0.555,-0.475,0.005
0,0,0,0.005,0.545,-0.415,0.005
0,0,0,0.005,0.555,-0.415,0.005
0,0,0,0.005,0.565,-0.475,0.005
0,0,0,0.005,0.575,-0.475,0.005
0,0,0,0.005,0.585,-0.475,0.005
0,0,0,0.005,0.595,-0.475,0.005
0,0,0,0.005,0.605,-0.475,0.005
0,0,0,0.005,0.615,-0.475,0.005
0,0,0,0.005,0.625,-0.475,0.005
0,0,0,0.005,0.625,-0.465,0.005
0,0,0,0.005,0.635,-0.465,0.005
0,0,0,0.005,0.565,-0.415,0.005
0,0,0,0.005,0.575,-0.415,0.005
0,0,0,0.005,0.585,-0.415,0.005
0,0,0,0.005,0.595,-0.415,0.005
0,0,0,0.005,0.595,-0.405,0.005
0,0,0,0.005,0.605,-0.405,0.005
0,0,0,0.005,0.615,-0.405,0.005
0,0,0,0.005,0.625,-0.405,0.005
0,0,0,0.005,0.635,-0.405,0.005
0,0,0,0.005,0.545,-0.355,0.005
0,0,0,0.005,0.555,-0.355,0.005
0,0,0,0.005,0.565,-0.355,0.005
0,0,0,0.005,0.575,-0.355,0.005
0,0,0,0.005,0.575,-0.345,0.005
0,0,0,0.005,0.585,-0.345,0.005
0,0,0,0.005,0.595,-0.345,0.005
0,0,0,0.005,0.605,-0.345,0.005
0,0,0,0.005,0.615,-0.345,0.005
0,0,0,0.005,0.625,-0.345,0.005
0,0,0,0.005,0.635,-0.345,0.005
0,0,0,0.155,0.525,-0.475,0.155
0,0,0,0.155,0.535,-0.475,0.155
0,0,0,0.155,0.545,-0.475,0.155
0,0,0,0.155,0.555,-0.475,0.155
0,0,0,0.155,0.565,-0.475,0.155
0,0,0,0.155,0.575,-0.475,0.155
0,0,0,0.155,0.585,-0.475,0.155
0,0,0,0.155,0.595,-0.475,0.155
0,0,0,0.145,0.605,-0.475,0.145
0,0,0,0.145,0.615,-0.475,0.145
0,0,0,0.145,0.625,-0.475,0.145
0,0,0,0.145,0.635,-0.475,0.145
0,0,0,0.165,0.505,-0.475,0.165
0,0,0,0.165,0.515,-0.475,0.165
0,0,0,0.285,0.555,-0.475,0.285
0,0,0,0.275,0.575,-0.475,0.275
0,0,0,0.275,0.585,-0.475,0.275
0,0,0,0.275,0.595,-0.475,0.275
0,0,0,0.275,0.605,-0.475,0.275
0,0,0,0.275,0.615,-0.475,0.275
0,0,0,0.275,0.625,-0.475,0.275
0,0,0,0.275,0.635,-0.475,0.275
0,0,0,0.285,0.565,-0.475,0.285
0,0,0,0.005,0.545,-0.295,0.005
0,0,0,0.005,0.555,-0.295,0.005
0,0,0,0.005,0.555,-0.245,0.005
0,0,0,0.005,0.565,-0.295,0.005
0,0,0,0.005,0.575,-0.295,0.005
0,0,0,0.005,0.585,-0.295,0.005
0,0,0,0.005,0.595,-0.295,0.005
0,0,0,0.005,0.605,-0.295,0.005
0,0,0,0.005,0.615,-0.295,0.005
0,0,0,0.005,0.625,-0.295,0.005
0,0,0,0.005,0.635,-0.295,0.005
0,0,0,0.005,0.565,-0.245,0.005
0,0,0,0.005,0.575,-0.245,0.005
0,0,0,0.005,0.585,-0.245,0.005
0,0,0,0.005,0.595,-0.245,0.005
0,0,0,0.005,0.605,-0.245,0.005
0,0,0,0.005,0.615,-0.245,0.005
0,0,0,0.005,0.625,-0.245,0.005
0,0,0,0.005,0.635,-0.245,0.005
0,0,0,0.005,0.575,-0.195,0.005
0,0,0,0.005,0.585,-0.195,0.005
0,0,0,0.005,0.595,-0.195,0.005
0,0,0,0.005,0.605,-0.195,0.005
0,0,0,0.005,0.615,-0.185,0.005
0,0,0,0.005,0.625,-0.185,0.005
0,0,0,0.005,0.635,-0.185,0.005
0,0,0,0.005,0.575,-0.145,0.005
0,0,0,0.005,0.585,-0.145,0.005
0,0,0,0.005,0.595,-0.145,0.005
0,0,0,0.005,0.605,-0.145,0.005
0,0,0,0.005,0.615,-0.145,0.005
0,0,0,0.005,0.625,-0.145,0.005
0,0,0,0.005,0.635,-0.145,0.005
0,0,0,0.005,0.585,-0.085,0.005
0,0,0,0.005,0.595,-0.085,0.005
0,0,0,0.005,0.605,-0.085,0.005
0,0,0,0.005,0.615,-0.085,0.005
0,0,0,0.005,0.625,-0.085,0.005
0,0,0,0.005,0.635,-0.085,0.005
0,0,0,0.005,0.575,-0.035,0.005
0,0,0,0.005,0.585,-0.035,0.005
0,0,0,0.005,0.595,-0.035,0.005
0,0,0,0.005,0.605,-0.035,0.005
0,0,0,0.005,0.615,-0.035,0.005
0,0,0,0.005,0.625,-0.035,0.005
0,0,0,0.005,0.635,-0.035,0.005
0,0,0,0.395,0.525,-0.475,0.395
0,0,0,0.395,0.535,-0.475,0.395
0,0,0,0.385,0.555,-0.475,0.385
0,0,0,0.395,0.545,-0.475,0.395
0,0,0,0.385,0.565,-0.475,0.385
0,0,0,0.385,0.575,-0.475,0.385
0,0,0,0.385,0.585,-0.475,0.385
0,0,0,0.385,0.595,-0.475,0.385
0,0,0,0.375,0.635,-0.475,0.375
0,0,0,0.385,0.605,-0.475,0.385
0,0,0,0.385,0.615,-0.475,0.385
0,0,0,0.385,0.625,-0.475,0.385
0,0,0,0.475,0.575,-0.475,0.475
0,0,0,0.475,0.585,-0.475,0.475
0,0,0,0.475,0.595,-0.475,0.475
0,0,0,0.475,0.605,-0.475,0.475
0,0,0,0.575,0.455,-0.475,0.575
0,0,0,0.565,0.475,-0.475,0.565
0,0,0,0.575,0.465,-0.475,0.575
0,0,0,0.635,0.455,-0.475,0.635
0,0,0,0.635,0.465,-0.475,0.635
0,0,0,0.635,0.475,-0.475,0.635
0,0,0,0.485,0.495,-0.475,0.485
0,0,0,0.495,0.485,-0.475,0.495
0,0,0,0.485,0.505,-0.475,0.485
0,0,0,0.485,0.515,-0.475,0.485
0,0,0,0.485,0.525,-0.475,0.485
0,0,0,0.485,0.535,-0.475,0.485
0,0,0,0.485,0.545,-0.475,0.485
0,0,0,0.485,0.555,-0.475,0.485
0,0,0,0.555,0.545,-0.475,0.555
0,0,0,0.555,0.555,-0.475,0.555
0,0,0,0.485,0.565,-0.475,0.485
0,0,0,0.555,0.565,-0.475,0.555
0,0,0,0.565,0.485,-0.475,0.565
0,0,0,0.565,0.495,-0.475,0.565
0,0,0,0.565,0.505,-0.475,0.565
0,0,0,0.565,0.515,-0.475,0.565
0,0,0,0.565,0.525,-0.475,0.565
0,0,0,0.565,0.535,-0.475,0.565
0,0,0,0.565,0.545,-0.475,0.565
0,0,0,0.635,0.485,-0.475,0.635
0,0,0,0.635,0.495,-0.475,0.635
0,0,0,0.635,0.505,-0.475,0.635
0,0,0,0.635,0.515,-0.475,0.635
0,0,0,0.635,0.525,-0.475,0.635
0,0,0,0.005,0.645,-0.465,0.005
0,0,0,0.005,0.655,-0.465,0.005
0,0,0,0.005,0.665,-0.465,0.005
0,0,0,0.005,0.675,-0.465,0.005
0,0,0,0.005,0.685,-0.465,0.005
0,0,0,0.005,0.695,-0.465,0.005
0,0,0,0.005,0.705,-0.465,0.005
0,0,0,0.005,0.715,-0.465,0.005
0,0,0,0.005,0.645,-0.405,0.005
0,0,0,0.005,0.655,-0.405,0.005
0,0,0,0.005,0.665,-0.405,0.005
0,0,0,0.005,0.675,-0.405,0.005
0,0,0,0.005,0.685,-0.405,0.005
0,0,0,0.005,0.695,-0.405,0.005
0,0,0,0.005,0.705,-0.405,0.005
0,0,0,0.005,0.715,-0.405,0.005
0,0,0,0.005,0.725,-0.465,0.005
0,0,0,0.005,0.735,-0.465,0.005
0,0,0,0.005,0.745,-0.465,0.005
0,0,0,0.005,0.755,-0.465,0.005
0,0,0,0.005,0.765,-0.465,0.005
0,0,0,0.005,0.775,-0.465,0.005
0,0,0,0.005,0.785,-0.465,0.005
0,0,0,0.005,0.795,-0.465,0.005
0,0,0,0.005,0.725,-0.405,0.005
0,0,0,0.005,0.735,-0.405,0.005
0,0,0,0.005,0.745,-0.405,0.005
0,0,0,0.005,0.755,-0.405,0.005
0,0,0,0.005,0.765,-0.405,0.005
0,0,0,0.005,0.775,-0.405,0.005
0,0,0,0.005,0.785,-0.405,0.005
0,0,0,0.005,0.795,-0.405,0.005
0,0,0,0.005,0.645,-0.345,0.005
0,0,0,0.005,0.655,-0.345,0.005
0,0,0,0.005,0.665,-0.345,0.005
0,0,0,0.005,0.675,-0.345,0.005
0,0,0,0.005,0.685,-0.345,0.005
0,0,0,0.005,0.695,-0.345,0.005
0,0,0,0.005,0.705,-0.345,0.005
0,0,0,0.005,0.715,-0.345,0.005
0,0,0,0.005,0.725,-0.345,0.005
0,0,0,0.005,0.735,-0.345,0.005
0,0,0,0.005,0.745,-0.345,0.005
0,0,0,0.005,0.755,-0.345,0.005
0,0,0,0.005,0.765,-0.345,0.005
0,0,0,0.005,0.775,-0.345,0.005
0,0,0,0.005,0.785,-0.345,0.005
0,0,0,0.005,0.795,-0.345,0.005
0,0,0,0.135,0.675,-0.475,0.135
0,0,0,0.145,0.645,-0.475,0.145
0,0,0,0.145,0.655,-0.475,0.145
0,0,0,0.145,0.665,-0.475,0.145
0,0,0,0.135,0.685,-0.475,0.135
0,0,0,0.135,0.695,-0.475,0.135
0,0,0,0.135,0.705,-0.475,0.135
0,0,0,0.135,0.715,-0.475,0.135
0,0,0,0.135,0.725,-0.475,0.135
0,0,0,0.135,0.735,-0.475,0.135
0,0,0,0.125,0.755,-0.475,0.125
0,0,0,0.135,0.745,-0.475,0.135
0,0,0,0.125,0.765,-0.475,0.125
0,0,0,0.005,0.805,-0.465,0.005
0,0,0,0.005,0.815,-0.465,0.005
0,0,0,0.005,0.825,-0.465,0.005
0,0,0,0.005,0.805,-0.405,0.005
0,0,0,0.005,0.815,-0.405,0.005
0,0,0,0.005,0.805,-0.345,0.005
0,0,0,0.005,0.815,-0.345,0.005
0,0,0,0.265,0.645,-0.475,0.265
0,0,0,0.265,0.655,-0.475,0.265
0,0,0,0.265,0.665,-0.475,0.265
0,0,0,0.265,0.675,-0.475,0.265
0,0,0,0.265,0.685,-0.475,0.265
0,0,0,0.265,0.695,-0.475,0.265
0,0,0,0.265,0.705,-0.475,0.265
0,0,0,0.005,0.645,-0.295,0.005
0,0,0,0.005,0.655,-0.295,0.005
0,0,0,0.005,0.665,-0.295,0.005
0,0,0,0.005,0.675,-0.295,0.005
0,0,0,0.005,0.685,-0.295,0.005
0,0,0,0.005,0.695,-0.295,0.005
0,0,0,0.005,0.705,-0.295,0.005
0,0,0,0.005,0.715,-0.295,0.005
0,0,0,0.005,0.645,-0.245,0.005
0,0,0,0.005,0.655,-0.245,0.005
0,0,0,0.005,0.665,-0.245,0.005
0,0,0,0.005,0.675,-0.245,0.005
0,0,0,0.005,0.685,-0.245,0.005
0,0,0,0.005,0.725,-0.295,0.005
0,0,0,0.005,0.735,-0.295,0.005
0,0,0,0.005,0.745,-0.295,0.005
0,0,0,0.005,0.755,-0.295,0.005
0,0,0,0.005,0.765,-0.285,0.005
0,0,0,0.005,0.775,-0.285,0.005
0,0,0,0.005,0.785,-0.285,0.005
0,0,0,0.005,0.795,-0.285,0.005
0,0,0,0.005,0.695,-0.235,0.005
0,0,0,0.005,0.705,-0.235,0.005
0,0,0,0.005,0.715,-0.235,0.005
0,0,0,0.005,0.645,-0.185,0.005
0,0,0,0.005,0.655,-0.185,0.005
0,0,0,0.005,0.665,-0.185,0.005
0,0,0,0.005,0.675,-0.185,0.005
0,0,0,0.005,0.685,-0.185,0.005
0,0,0,0.005,0.695,-0.185,0.005
0,0,0,0.005,0.705,-0.185,0.005
0,0,0,0.005,0.715,-0.185,0.005
0,0,0,0.005,0.725,-0.235,0.005
0,0,0,0.005,0.735,-0.235,0.005
0,0,0,0.005,0.745,-0.235,0.005
0,0,0,0.005,0.755,-0.235,0.005
0,0,0,0.005,0.765,-0.235,0.005
0,0,0,0.005,0.775,-0.235,0.005
0,0,0,0.005,0.785,-0.235,0.005
0,0,0,0.005,0.795,-0.235,0.005
0,0,0,0.005,0.725,-0.185,0.005
0,0,0,0.005,0.735,-0.185,0.005
0,0,0,0.005,0.745,-0.185,0.005
0,0,0,0.005,0.755,-0.185,0.005
0,0,0,0.005,0.765,-0.185,0.005
0,0,0,0.005,0.775,-0.185,0.005
0,0,0,0.005,0.785,-0.185,0.005
0,0,0,0.005,0.795,-0.185,0.005
0,0,0,0.005,0.805,-0.285,0.005
0,0,0,0.005,0.815,-0.285,0.005
0,0,0,0.005,0.825,-0.285,0.005
0,0,0,0.005,0.805,-0.235,0.005
0,0,0,0.005,0.815,-0.235,0.005
0,0,0,0.005,0.825,-0.235,0.005
0,0,0,0.005,0.805,-0.185,0.005
0,0,0,0.005,0.815,-0.185,0.005
0,0,0,0.005,0.645,-0.145,0.005
0,0,0,0.005,0.655,-0.145,0.005
0,0,0,0.005,0.665,-0.145,0.005
0,0,0,0.005,0.675,-0.145,0.005
0,0,0,0.005,0.685,-0.145,0.005
0,0,0,0.005,0.695,-0.145,0.005
0,0,0,0.005,0.705,-0.135,0.005
0,0,0,0.005,0.715,-0.135,0.005
0,0,0,0.005,0.645,-0.085,0.005
0,0,0,0.005,0.655,-0.085,0.005
0,0,0,0.005,0.665,-0.085,0.005
0,0,0,0.005,0.675,-0.085,0.005
0,0,0,0.005,0.685,-0.085,0.005
0,0,0,0.005,0.695,-0.085,0.005
0,0,0,0.005,0.705,-0.085,0.005
0,0,0,0.005,0.715,-0.085,0.005
0,0,0,0.005,0.725,-0.135,0.005
0,0,0,0.005,0.735,-0.135,0.005
0,0,0,0.005,0.745,-0.135,0.005
0,0,0,0.005,0.755,-0.135,0.005
0,0,0,0.005,0.765,-0.135,0.005
0,0,0,0.005,0.775,-0.135,0.005
0,0,0,0.005,0.785,-0.135,0.005
0,0,0,0.005,0.795,-0.135,0.005
0,0,0,0.005,0.725,-0.085,0.005
0,0,0,0.005,0.735,-0.085,0.005
0,0,0,0.005,0.745,-0.085,0.005
0,0,0,0.005,0.755,-0.085,0.005
0,0,0,0.005,0.765,-0.085,0.005
0,0,0,0.005,0.775,-0.085,0.005
0,0,0,0.005,0.785,-0.085,0.005
0,0,0,0.005,0.795,-0.085,0.005
0,0,0,0.005,0.645,-0.035,0.005
0,0,0,0.005,0.655,-0.035,0.005
0,0,0,0.005,0.665,-0.035,0.005
0,0,0,0.005,0.675,-0.035,0.005
0,0,0,0.005,0.685,-0.035,0.005
0,0,0,0.005,0.695,-0.035,0.005
0,0,0,0.005,0.705,-0.035,0.005
0,0,0,0.005,0.715,-0.035,0.005
0,0,0,0.005,0.725,-0.035,0.005
0,0,0,0.005,0.735,-0.035,0.005
0,0,0,0.005,0.745,-0.035,0.005
0,0,0,0.005,0.755,-0.035,0.005
0,0,0,0.005,0.765,-0.035,0.005
0,0,0,0.005,0.775,-0.035,0.005
0,0,0,0.005,0.785,-0.035,0.005
0,0,0,0.005,0.795,-0.035,0.005
0,0,0,0.005,0.805,-0.135,0.005
0,0,0,0.005,0.815,-0.135,0.005
0,0,0,0.005,0.825,-0.135,0.005
0,0,0,0.005,0.805,-0.085,0.005
0,0,0,0.005,0.815,-0.085,0.005
0,0,0,0.005,0.825,-0.085,0.005
0,0,0,0.005,0.805,-0.035,0.005
0,0,0,0.005,0.815,-0.035,0.005
0,0,0,0.375,0.645,-0.475,0.375
0,0,0,0.955,0.205,-0.495,0.955
0,0,0,0.945,0.205,-0.465,0.945
0,0,0,0.955,0.205,-0.455,0.955
0,0,0,0.955,0.205,-0.425,0.955
0,0,0,0.955,0.205,-0.405,0.955
0,0,0,0.725,0.405,-0.505,0.725
0,0,0,0.745,0.405,-0.505,0.745
0,0,0,0.745,0.405,-0.495,0.745
0,0,0,0.765,0.405,-0.525,0.765
0,0,0,0.775,0.405,-0.525,0.775
0,0,0,0.765,0.405,-0.485,0.765
0,0,0,0.785,0.405,-0.515,0.785
0,0,0,0.645,0.425,-0.475,0.645
0,0,0,0.645,0.435,-0.475,0.645
0,0,0,0.645,0.445,-0.475,0.645
0,0,0,0.705,0.405,-0.475,0.705
0,0,0,0.705,0.415,-0.475,0.705
0,0,0,0.705,0.425,-0.475,0.705
0,0,0,0.705,0.435,-0.475,0.705
0,0,0,0.695,0.455,-0.475,0.695
0,0,0,0.695,0.465,-0.475,0.695
0,0,0,0.695,0.475,-0.475,0.695
0,0,0,0.705,0.445,-0.475,0.705
0,0,0,0.775,0.405,-0.475,0.775
0,0,0,0.775,0.415,-0.475,0.775
0,0,0,0.765,0.425,-0.475,0.765
0,0,0,0.765,0.435,-0.475,0.765
0,0,0,0.775,0.425,-0.475,0.775
0,0,0,0.765,0.445,-0.475,0.765
0,0,0,0.765,0.455,-0.475,0.765
0,0,0,0.765,0.465,-0.475,0.765
0,0,0,0.695,0.485,-0.475,0.695
0,0,0,0.695,0.495,-0.475,0.695
0,0,0,0.805,0.405,-0.525,0.805
0,0,0,0.805,0.405,-0.505,0.805
0,0,0,0.815,0.405,-0.515,0.815
0,0,0,0.815,0.405,-0.495,0.815
0,0,0,0.825,0.405,-0.505,0.825
0,0,0,0.835,0.405,-0.505,0.835
0,0,0,0.825,0.405,-0.485,0.825
0,0,0,0.825,0.415,-0.485,0.825
0,0,0,0.825,0.425,-0.485,0.825
0,0,0,0.825,0.435,-0.485,0.825
0,0,0,0.825,0.445,-0.485,0.825
0,0,0,0.845,0.405,-0.525,0.845
0,0,0,0.855,0.405,-0.515,0.855
0,0,0,0.845,0.405,-0.495,0.845
0,0,0,0.855,0.405,-0.485,0.855
0,0,0,0.865,0.405,-0.505,0.865
0,0,0,0.875,0.405,-0.505,0.875
0,0,0,0.895,0.405,-0.515,0.895
0,0,0,0.885,0.405,-0.495,0.885
0,0,0,0.895,0.405,-0.485,0.895
0,0,0,0.905,0.405,-0.515,0.905
0,0,0,0.925,0.405,-0.495,0.925
0,0,0,0.925,0.405,-0.485,0.925
0,0,0,0.935,0.405,-0.485,0.935
0,0,0,0.955,0.455,-0.495,0.955
0,0,0,0.865,0.405,-0.475,0.865
0,0,0,0.865,0.415,-0.475,0.865
0,0,0,0.905,0.405,-0.475,0.905
0,0,0,0.915,0.405,-0.465,0.915
0,0,0,0.905,0.405,-0.445,0.905
0,0,0,0.915,0.405,-0.435,0.915
0,0,0,0.915,0.405,-0.415,0.915
0,0,0,0.925,0.405,-0.465,0.925
0,0,0,0.935,0.405,-0.455,0.935
0,0,0,0.935,0.405,-0.445,0.935
0,0,0,0.945,0.405,-0.475,0.945
0,0,0,0.955,0.405,-0.465,0.955
0,0,0,0.955,0.415,-0.465,0.955
0,0,0,0.955,0.425,-0.465,0.955
0,0,0,0.955,0.435,-0.465,0.955
0,0,0,0.945,0.405,-0.445,0.945
0,0,0,0.955,0.445,-0.465,0.955
0,0,0,0.955,0.455,-0.465,0.955
0,0,0,0.925,0.405,-0.435,0.925
0,0,0,0.925,0.405,-0.425,0.925
0,0,0,0.935,0.405,-0.425,0.935
0,0,0,0.925,0.405,-0.415,0.925
0,0,0,0.925,0.405,-0.405,0.925
0,0,0,0.935,0.405,-0.405,0.935
0,0,0,0.955,0.405,-0.435,0.955
0,0,0,0.955,0.415,-0.435,0.955
0,0,0,0.955,0.425,-0.435,0.955
0,0,0,0.955,0.435,-0.435,0.955
0,0,0,0.945,0.405,-0.415,0.945
0,0,0,0.945,0.405,-0.405,0.945
0,0,0,0.955,0.405,-0.405,0.955
0,0,0,0.955,0.415,-0.405,0.955
0,0,0,0.955,0.425,-0.405,0.955
0,0,0,0.955,0.435,-0.405,0.955
0,0,0,0.955,0.445,-0.435,0.955
0,0,0,0.955,0.455,-0.435,0.955
0,0,0,0.955,0.445,-0.405,0.955
0,0,0,0.955,0.455,-0.405,0.955
0,0,0,0.905,0.405,-0.385,0.905
0,0,0,0.915,0.405,-0.375,0.915
0,0,0,0.905,0.405,-0.355,0.905
0,0,0,0.915,0.405,-0.345,0.915
0,0,0,0.905,0.405,-0.325,0.905
0,0,0,0.925,0.405,-0.375,0.925
0,0,0,0.935,0.405,-0.365,0.935
0,0,0,0.945,0.405,-0.395,0.945
0,0,0,0.955,0.405,-0.385,0.955
0,0,0,0.955,0.415,-0.385,0.955
0,0,0,0.955,0.425,-0.385,0.955
0,0,0,0.955,0.435,-0.385,0.955
0,0,0,0.955,0.445,-0.385,0.955
0,0,0,0.955,0.445,-0.375,0.955
0,0,0,0.955,0.455,-0.375,0.955
0,0,0,0.925,0.405,-0.345,0.925
0,0,0,0.925,0.405,-0.335,0.925
0,0,0,0.935,0.405,-0.335,0.935
0,0,0,0.945,0.405,-0.355,0.945
0,0,0,0.955,0.405,-0.355,0.955
0,0,0,0.955,0.415,-0.355,0.955
0,0,0,0.955,0.425,-0.355,0.955
0,0,0,0.955,0.425,-0.345,0.955
0,0,0,0.955,0.435,-0.345,0.955
0,0,0,0.945,0.405,-0.325,0.945
0,0,0,0.955,0.445,-0.345,0.955
0,0,0,0.955,0.455,-0.345,0.955
0,0,0,0.915,0.405,-0.315,0.915
0,0,0,0.905,0.405,-0.295,0.905
0,0,0,0.915,0.405,-0.295,0.915
0,0,0,0.905,0.405,-0.275,0.905
0,0,0,0.915,0.405,-0.265,0.915
0,0,0,0.905,0.405,-0.245,0.905
0,0,0,0.915,0.405,-0.245,0.915
0,0,0,0.925,0.405,-0.315,0.925
0,0,0,0.935,0.405,-0.305,0.935
0,0,0,0.925,0.405,-0.285,0.925
0,0,0,0.935,0.405,-0.285,0.935
0,0,0,0.945,0.405,-0.305,0.945
0,0,0,0.955,0.405,-0.315,0.955
0,0,0,0.955,0.415,-0.315,0.955
0,0,0,0.955,0.425,-0.315,0.955
0,0,0,0.955,0.435,-0.315,0.955
0,0,0,0.945,0.405,-0.295,0.945
0,0,0,0.955,0.405,-0.295,0.955
0,0,0,0.955,0.415,-0.295,0.955
0,0,0,0.955,0.425,-0.295,0.955
0,0,0,0.955,0.435,-0.295,0.955
0,0,0,0.955,0.445,-0.315,0.955
0,0,0,0.955,0.455,-0.315,0.955
0,0,0,0.955,0.445,-0.295,0.955
0,0,0,0.955,0.455,-0.295,0.955
0,0,0,0.925,0.405,-0.265,0.925
0,0,0,0.935,0.405,-0.265,0.935
0,0,0,0.925,0.405,-0.245,0.925
0,0,0,0.935,0.405,-0.255,0.935
0,0,0,0.945,0.405,-0.275,0.945
0,0,0,0.955,0.405,-0.275,0.955
0,0,0,0.955,0.415,-0.275,0.955
0,0,0,0.955,0.425,-0.275,0.955
0,0,0,0.955,0.435,-0.265,0.955
0,0,0,0.945,0.405,-0.255,0.945
0,0,0,0.955,0.405,-0.255,0.955
0,0,0,0.955,0.405,-0.245,0.955
0,0,0,0.955,0.415,-0.245,0.955
0,0,0,0.955,0.425,-0.245,0.955
0,0,0,0.955,0.435,-0.245,0.955
0,0,0,0.955,0.445,-0.265,0.955
0,0,0,0.955,0.455,-0.265,0.955
0,0,0,0.955,0.445,-0.245,0.955
0,0,0,0.955,0.455,-0.245,0.955
0,0,0,0.905,0.405,-0.225,0.905
0,0,0,0.915,0.405,-0.225,0.915
0,0,0,0.905,0.405,-0.205,0.905
0,0,0,0.915,0.405,-0.195,0.915
0,0,0,0.905,0.405,-0.175,0.905
0,0,0,0.915,0.405,-0.175,0.915
0,0,0,0.925,0.405,-0.235,0.925
0,0,0,0.935,0.405,-0.235,0.935
0,0,0,0.925,0.405,-0.215,0.925
0,0,0,0.935,0.405,-0.215,0.935
0,0,0,0.945,0.405,-0.235,0.945
0,0,0,0.955,0.405,-0.225,0.955
0,0,0,0.955,0.415,-0.225,0.955
0,0,0,0.955,0.425,-0.225,0.955
0,0,0,0.955,0.435,-0.225,0.955
0,0,0,0.945,0.405,-0.205,0.945
0,0,0,0.955,0.405,-0.205,0.955
0,0,0,0.955,0.415,-0.205,0.955
0,0,0,0.955,0.425,-0.205,0.955
0,0,0,0.955,0.435,-0.205,0.955
0,0,0,0.955,0.445,-0.225,0.955
0,0,0,0.955,0.455,-0.225,0.955
0,0,0,0.955,0.445,-0.205,0.955
0,0,0,0.955,0.455,-0.205,0.955
0,0,0,0.925,0.405,-0.195,0.925
0,0,0,0.935,0.405,-0.195,0.935
0,0,0,0.925,0.405,-0.175,0.925
0,0,0,0.935,0.405,-0.165,0.935
0,0,0,0.945,0.405,-0.185,0.945
0,0,0,0.955,0.405,-0.185,0.955
0,0,0,0.955,0.415,-0.185,0.955
0,0,0,0.955,0.425,-0.185,0.955
0,0,0,0.955,0.435,-0.185,0.955
0,0,0,0.945,0.405,-0.165,0.945
0,0,0,0.955,0.405,-0.165,0.955
0,0,0,0.955,0.415,-0.165,0.955
0,0,0,0.955,0.425,-0.165,0.955
0,0,0,0.955,0.435,-0.165,0.955
0,0,0,0.955,0.445,-0.185,0.955
0,0,0,0.955,0.445,-0.165,0.955
0,0,0,0.905,0.405,-0.155,0.905
0,0,0,0.915,0.405,-0.155,0.915
0,0,0,0.905,0.405,-0.135,0.905
0,0,0,0.915,0.405,-0.125,0.915
0,0,0,0.905,0.405,-0.105,0.905
0,0,0,0.915,0.405,-0.105,0.915
0,0,0,0.905,0.405,-0.085,0.905
0,0,0,0.915,0.405,-0.085,0.915
0,0,0,0.925,0.405,-0.155,0.925
0,0,0,0.925,0.405,-0.145,0.925
0,0,0,0.935,0.405,-0.145,0.935
0,0,0,0.925,0.405,-0.125,0.925
0,0,0,0.935,0.405,-0.125,0.935
0,0,0,0.945,0.405,-0.145,0.945
0,0,0,0.955,0.405,-0.145,0.955
0,0,0,0.955,0.415,-0.145,0.955
0,0,0,0.955,0.415,-0.135,0.955
0,0,0,0.955,0.425,-0.135,0.955
0,0,0,0.955,0.435,-0.135,0.955
0,0,0,0.955,0.445,-0.135,0.955
0,0,0,0.925,0.405,-0.105,0.925
0,0,0,0.935,0.405,-0.105,0.935
0,0,0,0.925,0.405,-0.085,0.925
0,0,0,0.935,0.405,-0.085,0.935
0,0,0,0.945,0.405,-0.115,0.945
0,0,0,0.945,0.405,-0.105,0.945
0,0,0,0.955,0.405,-0.115,0.955
0,0,0,0.955,0.415,-0.115,0.955
0,0,0,0.955,0.425,-0.115,0.955
0,0,0,0.955,0.435,-0.115,0.955
0,0,0,0.945,0.405,-0.095,0.945
0,0,0,0.945,0.405,-0.085,0.945
0,0,0,0.955,0.405,-0.095,0.955
0,0,0,0.955,0.415,-0.095,0.955
0,0,0,0.955,0.425,-0.095,0.955
0,0,0,0.955,0.435,-0.095,0.955
0,0,0,0.955,0.445,-0.115,0.955
0,0,0,0.955,0.445,-0.095,0.955
0,0,0,0.905,0.405,-0.065,0.905
0,0,0,0.915,0.405,-0.065,0.915
0,0,0,0.915,0.405,-0.045,0.915
0,0,0,0.905,0.405,-0.025,0.905
0,0,0,0.915,0.405,-0.025,0.915
0,0,0,0.905,0.405,-0.005,0.905
0,0,0,0.915,0.405,-0.005,0.915
0,0,0,0.925,0.405,-0.065,0.925
0,0,0,0.935,0.405,-0.065,0.935
0,0,0,0.925,0.405,-0.045,0.925
0,0,0,0.935,0.405,-0.045,0.935
0,0,0,0.945,0.405,-0.065,0.945
0,0,0,0.955,0.405,-0.075,0.955
0,0,0,0.955,0.415,-0.075,0.955
0,0,0,0.955,0.425,-0.075,0.955
0,0,0,0.955,0.435,-0.075,0.955
0,0,0,0.945,0.405,-0.045,0.945
0,0,0,0.955,0.405,-0.055,0.955
0,0,0,0.955,0.415,-0.055,0.955
0,0,0,0.955,0.405,-0.045,0.955
0,0,0,0.955,0.415,-0.045,0.955
0,0,0,0.955,0.425,-0.055,0.955
0,0,0,0.955,0.435,-0.055,0.955
0,0,0,0.955,0.425,-0.045,0.955
0,0,0,0.955,0.435,-0.045,0.955
0,0,0,0.955,0.445,-0.075,0.955
0,0,0,0.955,0.445,-0.055,0.955
0,0,0,0.955,0.445,-0.045,0.955
0,0,0,0.925,0.405,-0.025,0.925
0,0,0,0.935,0.405,-0.025,0.935
0,0,0,0.925,0.405,-0.005,0.925
0,0,0,0.935,0.405,-0.005,0.935
0,0,0,0.945,0.405,-0.025,0.945
0,0,0,0.955,0.405,-0.025,0.955
0,0,0,0.955,0.415,-0.025,0.955
0,0,0,0.955,0.425,-0.025,0.955
0,0,0,0.955,0.435,-0.025,0.955
0,0,0,0.945,0.405,-0.005,0.945
0,0,0,0.955,0.405,-0.005,0.955
0,0,0,0.955,0.415,-0.005,0.955
0,0,0,0.955,0.425,-0.005,0.955
0,0,0,0.955,0.435,-0.005,0.955
0,0,0,0.955,0.445,-0.025,0.955
0,0,0,0.955,0.445,-0.005,0.955
0,0,0,0.985,0.205,-0.495,0.985
0,0,0,0.985,0.215,-0.495,0.985
0,0,0,0.985,0.225,-0.495,0.985
0,0,0,0.985,0.235,-0.495,0.985
0,0,0,0.985,0.245,-0.495,0.985
0,0,0,0.985,0.255,-0.495,0.985
0,0,0,0.985,0.255,-0.485,0.985
0,0,0,0.985,0.265,-0.485,0.985
0,0,0,0.985,0.275,-0.485,0.985
0,0,0,0.985,0.285,-0.485,0.985
0,0,0,0.985,0.295,-0.485,0.985
0,0,0,0.965,0.205,-0.475,0.965
0,0,0,0.985,0.205,-0.465,0.985
0,0,0,0.985,0.205,-0.455,0.985
0,0,0,0.985,0.215,-0.455,0.985
0,0,0,0.985,0.225,-0.455,0.985
0,0,0,0.985,0.235,-0.455,0.985
0,0,0,0.975,0.205,-0.415,0.975
0,0,0,0.985,0.205,-0.435,0.985
0,0,0,0.985,0.205,-0.425,0.985
0,0,0,0.985,0.215,-0.425,0.985
0,0,0,0.985,0.225,-0.425,0.985
0,0,0,0.985,0.235,-0.425,0.985
0,0,0,0.985,0.245,-0.455,0.985
0,0,0,0.985,0.255,-0.455,0.985
0,0,0,0.985,0.265,-0.455,0.985
0,0,0,0.985,0.275,-0.455,0.985
0,0,0,0.985,0.275,-0.445,0.985
0,0,0,0.985,0.285,-0.445,0.985
0,0,0,0.985,0.295,-0.445,0.985
0,0,0,0.985,0.305,-0.445,0.985
0,0,0,0.985,0.245,-0.425,0.985
0,0,0,0.985,0.255,-0.425,0.985
0,0,0,0.985,0.265,-0.425,0.985
0,0,0,0.985,0.275,-0.425,0.985
0,0,0,0.985,0.285,-0.415,0.985
0,0,0,0.985,0.295,-0.415,0.985
0,0,0,0.975,0.205,-0.395,0.975
0,0,0,0.985,0.205,-0.395,0.985
0,0,0,0.985,0.215,-0.395,0.985
0,0,0,0.995,0.205,-0.385,0.995
0,0,0,0.985,0.225,-0.395,0.985
0,0,0,0.985,0.235,-0.395,0.985
0,0,0,0.995,0.205,-0.375,0.995
0,0,0,0.995,0.215,-0.375,0.995
0,0,0,0.995,0.225,-0.375,0.995
0,0,0,0.995,0.235,-0.375,0.995
0,0,0,0.995,0.205,-0.345,0.995
0,0,0,0.995,0.215,-0.345,0.995
0,0,0,0.995,0.225,-0.345,0.995
0,0,0,0.995,0.235,-0.345,0.995
0,0,0,0.985,0.245,-0.395,0.985
0,0,0,0.985,0.255,-0.395,0.985
0,0,0,0.985,0.265,-0.395,0.985
0,0,0,0.985,0.275,-0.395,0.985
0,0,0,0.995,0.245,-0.375,0.995
0,0,0,0.995,0.255,-0.375,0.995
0,0,0,0.995,0.265,-0.375,0.995
0,0,0,0.995,0.275,-0.375,0.995
0,0,0,0.985,0.285,-0.395,0.985
0,0,0,0.985,0.295,-0.385,0.985
0,0,0,0.985,0.305,-0.385,0.985
0,0,0,0.995,0.285,-0.375,0.995
0,0,0,0.995,0.285,-0.365,0.995
0,0,0,0.995,0.295,-0.365,0.995
0,0,0,0.995,0.245,-0.345,0.995
0,0,0,0.995,0.255,-0.345,0.995
0,0,0,0.995,0.265,-0.345,0.995
0,0,0,0.995,0.265,-0.335,0.995
0,0,0,0.995,0.275,-0.335,0.995
0,0,0,0.995,0.285,-0.335,0.995
0,0,0,0.995,0.295,-0.335,0.995
0,0,0,0.995,0.305,-0.335,0.995
0,0,0,0.985,0.225,-0.315,0.985
0,0,0,0.985,0.235,-0.315,0.985
0,0,0,0.985,0.245,-0.315,0.985
0,0,0,0.985,0.255,-0.315,0.985
0,0,0,0.985,0.255,-0.305,0.985
0,0,0,0.985,0.265,-0.305,0.985
0,0,0,0.985,0.275,-0.305,0.985
0,0,0,0.985,0.245,-0.285,0.985
0,0,0,0.985,0.255,-0.285,0.985
0,0,0,0.985,0.265,-0.285,0.985
0,0,0,0.985,0.275,-0.285,0.985
0,0,0,0.985,0.285,-0.305,0.985
0,0,0,0.985,0.295,-0.305,0.985
0,0,0,0.985,0.285,-0.285,0.985
0,0,0,0.985,0.295,-0.285,0.985
0,0,0,0.985,0.255,-0.265,0.985
0,0,0,0.985,0.265,-0.265,0.985
0,0,0,0.985,0.275,-0.265,0.985
0,0,0,0.985,0.255,-0.245,0.985
0,0,0,0.985,0.265,-0.245,0.985
0,0,0,0.985,0.275,-0.245,0.985
0,0,0,0.985,0.285,-0.265,0.985
0,0,0,0.985,0.295,-0.265,0.985
0,0,0,0.985,0.305,-0.265,0.985
0,0,0,0.985,0.285,-0.245,0.985
0,0,0,0.985,0.255,-0.225,0.985
0,0,0,0.985,0.265,-0.215,0.985
0,0,0,0.985,0.275,-0.215,0.985
0,0,0,0.985,0.295,-0.235,0.985
0,0,0,0.985,0.285,-0.215,0.985
0,0,0,0.985,0.295,-0.215,0.985
0,0,0,0.985,0.305,-0.215,0.985
0,0,0,0.985,0.265,-0.195,0.985
0,0,0,0.985,0.275,-0.195,0.985
0,0,0,0.985,0.285,-0.195,0.985
0,0,0,0.985,0.295,-0.195,0.985
0,0,0,0.985,0.305,-0.195,0.985
0,0,0,1.245,0.625,-0.025,1.245
0,0,0,1.255,0.625,-0.025,1.255
0,0,0,1.255,0.635,-0.025,1.255
0,0,0,1.245,0.625,-0.015,1.245
0,0,0,1.245,0.625,-0.005,1.245
0,0,0,1.255,0.625,-0.015,1.255
0,0,0,1.255,0.635,-0.015,1.255
0,0,0,1.255,0.625,-0.005,1.255
0,0,0,1.255,0.635,-0.005,1.255
0,0,0,1.255,0.645,-0.025,1.255
0,0,0,1.255,0.645,-0.015,1.255
0,0,0,1.255,0.655,-0.015,1.255
0,0,0,1.255,0.645,-0.005,1.255
0,0,0,1.255,0.655,-0.005,1.255
0,0,0,1.255,0.665,-0.015,1.255
0,0,0,1.255,0.675,-0.015,1.255
0,0,0,1.255,0.665,-0.005,1.255
0,0,0,1.295,0.255,-0.485,1.295
0,0,0,1.305,0.255,-0.495,1.305
0,0,0,1.315,0.255,-0.485,1.315
0,0,0,1.335,0.255,-0.495,1.335
0,0,0,1.335,0.255,-0.485,1.335
0,0,0,1.295,0.255,-0.475,1.295
0,0,0,1.305,0.255,-0.465,1.305
0,0,0,1.315,0.255,-0.475,1.315
0,0,0,1.315,0.255,-0.465,1.315
0,0,0,1.305,0.255,-0.455,1.305
0,0,0,1.305,0.255,-0.445,1.305
0,0,0,1.295,0.255,-0.435,1.295
0,0,0,1.295,0.255,-0.425,1.295
0,0,0,1.295,0.255,-0.405,1.295
0,0,0,1.315,0.255,-0.435,1.315
0,0,0,1.315,0.255,-0.425,1.315
0,0,0,1.305,0.255,-0.415,1.305
0,0,0,1.305,0.255,-0.405,1.305
0,0,0,1.315,0.255,-0.415,1.315
0,0,0,1.325,0.255,-0.465,1.325
0,0,0,1.335,0.255,-0.475,1.335
0,0,0,1.335,0.265,-0.475,1.335
0,0,0,1.335,0.265,-0.465,1.335
0,0,0,1.335,0.275,-0.465,1.335
0,0,0,1.325,0.255,-0.455,1.325
0,0,0,1.325,0.255,-0.445,1.325
0,0,0,1.335,0.285,-0.465,1.335
0,0,0,1.335,0.285,-0.455,1.335
0,0,0,1.335,0.295,-0.455,1.335
0,0,0,1.335,0.305,-0.455,1.335
0,0,0,1.335,0.315,-0.455,1.335
0,0,0,1.335,0.315,-0.445,1.335
0,0,0,1.335,0.255,-0.435,1.335
0,0,0,1.335,0.255,-0.425,1.335
0,0,0,1.325,0.255,-0.415,1.325
0,0,0,1.325,0.255,-0.405,1.325
0,0,0,1.335,0.255,-0.415,1.335
0,0,0,1.335,0.265,-0.415,1.335
0,0,0,1.335,0.275,-0.415,1.335
0,0,0,1.335,0.285,-0.405,1.335
0,0,0,1.335,0.295,-0.405,1.335
0,0,0,1.335,0.305,-0.405,1.335
0,0,0,1.295,0.255,-0.395,1.295
0,0,0,1.295,0.255,-0.385,1.295
0,0,0,1.285,0.255,-0.365,1.285
0,0,0,1.295,0.255,-0.365,1.295
0,0,0,1.315,0.255,-0.395,1.315
0,0,0,1.315,0.255,-0.385,1.315
0,0,0,1.305,0.255,-0.375,1.305
0,0,0,1.305,0.255,-0.365,1.305
0,0,0,1.315,0.255,-0.375,1.315
0,0,0,1.315,0.255,-0.365,1.315
0,0,0,1.295,0.255,-0.355,1.295
0,0,0,1.295,0.255,-0.335,1.295
0,0,0,1.295,0.255,-0.325,1.295
0,0,0,1.305,0.255,-0.345,1.305
0,0,0,1.315,0.255,-0.355,1.315
0,0,0,1.315,0.255,-0.345,1.315
0,0,0,1.305,0.255,-0.335,1.305
0,0,0,1.315,0.255,-0.325,1.315
0,0,0,1.325,0.255,-0.395,1.325
0,0,0,1.335,0.255,-0.395,1.335
0,0,0,1.335,0.255,-0.385,1.335
0,0,0,1.325,0.255,-0.375,1.325
0,0,0,1.325,0.255,-0.365,1.325
0,0,0,1.335,0.255,-0.375,1.335
0,0,0,1.335,0.265,-0.375,1.335
0,0,0,1.335,0.265,-0.365,1.335
0,0,0,1.335,0.275,-0.365,1.335
0,0,0,1.335,0.305,-0.395,1.335
0,0,0,1.335,0.315,-0.395,1.335
0,0,0,1.335,0.285,-0.365,1.335
0,0,0,1.335,0.295,-0.365,1.335
0,0,0,1.335,0.305,-0.365,1.335
0,0,0,1.325,0.255,-0.355,1.325
0,0,0,1.335,0.255,-0.355,1.335
0,0,0,1.335,0.255,-0.345,1.335
0,0,0,1.325,0.255,-0.335,1.325
0,0,0,1.325,0.255,-0.325,1.325
0,0,0,1.335,0.255,-0.335,1.335
0,0,0,1.335,0.255,-0.325,1.335
0,0,0,1.335,0.265,-0.335,1.335
0,0,0,1.335,0.275,-0.335,1.335
0,0,0,1.335,0.275,-0.325,1.335
0,0,0,1.335,0.305,-0.355,1.335
0,0,0,1.335,0.315,-0.355,1.335
0,0,0,1.335,0.285,-0.325,1.335
0,0,0,1.335,0.295,-0.325,1.335
0,0,0,1.335,0.305,-0.325,1.335
0,0,0,1.335,0.315,-0.325,1.335
0,0,0,1.335,0.355,-0.495,1.335
0,0,0,1.335,0.365,-0.495,1.335
0,0,0,1.335,0.375,-0.495,1.335
0,0,0,1.335,0.375,-0.485,1.335
0,0,0,1.335,0.385,-0.485,1.335
0,0,0,1.335,0.395,-0.485,1.335
0,0,0,1.335,0.325,-0.445,1.335
0,0,0,1.335,0.335,-0.445,1.335
0,0,0,1.335,0.395,-0.475,1.335
0,0,0,1.335,0.345,-0.435,1.335
0,0,0,1.335,0.355,-0.435,1.335
0,0,0,1.335,0.365,-0.435,1.335
0,0,0,1.335,0.365,-0.425,1.335
0,0,0,1.335,0.375,-0.425,1.335
0,0,0,1.335,0.385,-0.425,1.335
0,0,0,1.335,0.395,-0.415,1.335
0,0,0,1.335,0.405,-0.475,1.335
0,0,0,1.335,0.415,-0.475,1.335
0,0,0,1.335,0.415,-0.465,1.335
0,0,0,1.335,0.425,-0.465,1.335
0,0,0,1.335,0.435,-0.465,1.335
0,0,0,1.335,0.435,-0.455,1.335
0,0,0,1.335,0.445,-0.455,1.335
0,0,0,1.335,0.405,-0.415,1.335
0,0,0,1.335,0.415,-0.415,1.335
0,0,0,1.335,0.415,-0.405,1.335
0,0,0,1.335,0.425,-0.405,1.335
0,0,0,1.335,0.435,-0.405,1.335
0,0,0,1.335,0.325,-0.395,1.335
0,0,0,1.335,0.335,-0.395,1.335
0,0,0,1.335,0.335,-0.385,1.335
0,0,0,1.335,0.345,-0.385,1.335
0,0,0,1.335,0.355,-0.385,1.335
0,0,0,1.335,0.365,-0.385,1.335
0,0,0,1.335,0.365,-0.375,1.335
0,0,0,1.335,0.375,-0.375,1.335
0,0,0,1.335,0.385,-0.375,1.335
0,0,0,1.335,0.395,-0.375,1.335
0,0,0,1.335,0.395,-0.365,1.335
0,0,0,1.335,0.325,-0.355,1.335
0,0,0,1.335,0.335,-0.355,1.335
0,0,0,1.335,0.335,-0.345,1.335
0,0,0,1.335,0.345,-0.345,1.335
0,0,0,1.335,0.355,-0.345,1.335
0,0,0,1.335,0.365,-0.345,1.335
0,0,0,1.335,0.365,-0.335,1.335
0,0,0,1.335,0.375,-0.335,1.335
0,0,0,1.335,0.385,-0.335,1.335
0,0,0,1.335,0.395,-0.335,1.335
0,0,0,1.335,0.395,-0.325,1.335
0,0,0,1.335,0.405,-0.365,1.335
0,0,0,1.335,0.415,-0.365,1.335
0,0,0,1.335,0.425,-0.365,1.335
0,0,0,1.335,0.445,-0.395,1.335
0,0,0,1.335,0.455,-0.395,1.335
0,0,0,1.335,0.425,-0.355,1.335
0,0,0,1.335,0.435,-0.355,1.335
0,0,0,1.335,0.405,-0.325,1.335
0,0,0,1.335,0.415,-0.325,1.335
0,0,0,1.335,0.425,-0.325,1.335
0,0,0,1.335,0.445,-0.355,1.335
0,0,0,1.335,0.455,-0.355,1.335
0,0,0,1.285,0.255,-0.305,1.285
0,0,0,1.295,0.255,-0.315,1.295
0,0,0,1.295,0.255,-0.305,1.295
0,0,0,1.295,0.255,-0.295,1.295
0,0,0,1.295,0.255,-0.285,1.295
0,0,0,1.305,0.255,-0.315,1.305
0,0,0,1.305,0.255,-0.305,1.305
0,0,0,1.315,0.255,-0.315,1.315
0,0,0,1.315,0.255,-0.305,1.315
0,0,0,1.305,0.255,-0.295,1.305
0,0,0,1.305,0.255,-0.285,1.305
0,0,0,1.315,0.255,-0.295,1.315
0,0,0,1.315,0.255,-0.285,1.315
0,0,0,1.285,0.255,-0.265,1.285
0,0,0,1.295,0.255,-0.275,1.295
0,0,0,1.285,0.255,-0.245,1.285
0,0,0,1.295,0.255,-0.255,1.295
0,0,0,1.295,0.255,-0.245,1.295
0,0,0,1.305,0.255,-0.265,1.305
0,0,0,1.315,0.255,-0.275,1.315
0,0,0,1.315,0.255,-0.265,1.315
0,0,0,1.305,0.255,-0.255,1.305
0,0,0,1.305,0.255,-0.245,1.305
0,0,0,1.315,0.255,-0.255,1.315
0,0,0,1.315,0.255,-0.245,1.315
0,0,0,1.325,0.255,-0.305,1.325
0,0,0,1.335,0.255,-0.315,1.335
0,0,0,1.335,0.255,-0.305,1.335
0,0,0,1.335,0.265,-0.305,1.335
0,0,0,1.335,0.275,-0.305,1.335
0,0,0,1.325,0.255,-0.295,1.325
0,0,0,1.325,0.255,-0.285,1.325
0,0,0,1.335,0.255,-0.295,1.335
0,0,0,1.335,0.255,-0.285,1.335
0,0,0,1.335,0.275,-0.295,1.335
0,0,0,1.335,0.315,-0.315,1.335
0,0,0,1.335,0.285,-0.295,1.335
0,0,0,1.335,0.295,-0.295,1.335
0,0,0,1.335,0.305,-0.295,1.335
0,0,0,1.335,0.315,-0.295,1.335
0,0,0,1.335,0.315,-0.285,1.335
0,0,0,1.325,0.255,-0.275,1.325
0,0,0,1.335,0.255,-0.275,1.335
0,0,0,1.335,0.255,-0.265,1.335
0,0,0,1.335,0.265,-0.275,1.335
0,0,0,1.335,0.275,-0.275,1.335
0,0,0,1.325,0.255,-0.255,1.325
0,0,0,1.325,0.255,-0.245,1.325
0,0,0,1.335,0.255,-0.255,1.335
0,0,0,1.335,0.255,-0.245,1.335
0,0,0,1.335,0.265,-0.255,1.335
0,0,0,1.335,0.275,-0.255,1.335
0,0,0,1.335,0.275,-0.245,1.335
0,0,0,1.335,0.285,-0.275,1.335
0,0,0,1.335,0.295,-0.275,1.335
0,0,0,1.335,0.295,-0.265,1.335
0,0,0,1.335,0.305,-0.265,1.335
0,0,0,1.335,0.315,-0.265,1.335
0,0,0,1.335,0.285,-0.245,1.335
0,0,0,1.335,0.295,-0.245,1.335
0,0,0,1.335,0.305,-0.245,1.335
0,0,0,1.335,0.315,-0.245,1.335
0,0,0,1.285,0.255,-0.225,1.285
0,0,0,1.295,0.255,-0.235,1.295
0,0,0,1.295,0.255,-0.225,1.295
0,0,0,1.285,0.255,-0.215,1.285
0,0,0,1.295,0.255,-0.215,1.295
0,0,0,1.295,0.255,-0.205,1.295
0,0,0,1.305,0.255,-0.235,1.305
0,0,0,1.305,0.255,-0.225,1.305
0,0,0,1.315,0.255,-0.235,1.315
0,0,0,1.315,0.255,-0.225,1.315
0,0,0,1.305,0.255,-0.215,1.305
0,0,0,1.305,0.255,-0.205,1.305
0,0,0,1.315,0.255,-0.215,1.315
0,0,0,1.315,0.255,-0.205,1.315
0,0,0,1.285,0.255,-0.195,1.285
0,0,0,1.295,0.255,-0.195,1.295
0,0,0,1.295,0.255,-0.185,1.295
0,0,0,1.295,0.255,-0.175,1.295
0,0,0,1.305,0.255,-0.195,1.305
0,0,0,1.305,0.255,-0.185,1.305
0,0,0,1.315,0.255,-0.195,1.315
0,0,0,1.315,0.255,-0.185,1.315
0,0,0,1.305,0.255,-0.175,1.305
0,0,0,1.305,0.255,-0.165,1.305
0,0,0,1.315,0.255,-0.175,1.315
0,0,0,1.315,0.255,-0.165,1.315
0,0,0,1.325,0.255,-0.235,1.325
0,0,0,1.325,0.255,-0.225,1.325
0,0,0,1.335,0.255,-0.235,1.335
0,0,0,1.335,0.255,-0.225,1.335
0,0,0,1.335,0.265,-0.235,1.335
0,0,0,1.335,0.275,-0.235,1.335
0,0,0,1.335,0.275,-0.225,1.335
0,0,0,1.325,0.255,-0.215,1.325
0,0,0,1.325,0.255,-0.205,1.325
0,0,0,1.335,0.255,-0.215,1.335
0,0,0,1.335,0.255,-0.205,1.335
0,0,0,1.335,0.265,-0.215,1.335
0,0,0,1.335,0.275,-0.215,1.335
0,0,0,1.335,0.285,-0.225,1.335
0,0,0,1.335,0.295,-0.225,1.335
0,0,0,1.335,0.305,-0.225,1.335
0,0,0,1.335,0.315,-0.225,1.335
0,0,0,1.335,0.285,-0.215,1.335
0,0,0,1.335,0.285,-0.205,1.335
0,0,0,1.335,0.295,-0.205,1.335
0,0,0,1.335,0.305,-0.205,1.335
0,0,0,1.335,0.315,-0.205,1.335
0,0,0,1.325,0.255,-0.195,1.325
0,0,0,1.325,0.255,-0.185,1.325
0,0,0,1.335,0.255,-0.195,1.335
0,0,0,1.335,0.255,-0.185,1.335
0,0,0,1.335,0.265,-0.195,1.335
0,0,0,1.335,0.275,-0.195,1.335
0,0,0,1.335,0.265,-0.185,1.335
0,0,0,1.335,0.275,-0.185,1.335
0,0,0,1.325,0.255,-0.175,1.325
0,0,0,1.325,0.255,-0.165,1.325
0,0,0,1.335,0.255,-0.175,1.335
0,0,0,1.335,0.275,-0.175,1.335
0,0,0,1.335,0.265,-0.165,1.335
0,0,0,1.335,0.275,-0.165,1.335
0,0,0,1.335,0.285,-0.195,1.335
0,0,0,1.335,0.295,-0.195,1.335
0,0,0,1.335,0.305,-0.195,1.335
0,0,0,1.335,0.305,-0.185,1.335
0,0,0,1.335,0.315,-0.185,1.335
0,0,0,1.335,0.285,-0.175,1.335
0,0,0,1.335,0.295,-0.175,1.335
0,0,0,1.335,0.285,-0.165,1.335
0,0,0,1.335,0.295,-0.165,1.335
0,0,0,1.335,0.305,-0.175,1.335
0,0,0,1.335,0.315,-0.175,1.335
0,0,0,1.335,0.305,-0.165,1.335
0,0,0,1.335,0.315,-0.165,1.335
0,0,0,1.305,0.255,-0.155,1.305
0,0,0,1.315,0.255,-0.155,1.315
0,0,0,1.335,0.275,-0.155,1.335
0,0,0,1.335,0.285,-0.155,1.335
0,0,0,1.335,0.295,-0.155,1.335
0,0,0,1.335,0.285,-0.145,1.335
0,0,0,1.335,0.295,-0.145,1.335
0,0,0,1.335,0.305,-0.155,1.335
0,0,0,1.335,0.315,-0.155,1.335
0,0,0,1.335,0.305,-0.145,1.335
0,0,0,1.335,0.315,-0.145,1.335
0,0,0,1.335,0.295,-0.135,1.335
0,0,0,1.335,0.305,-0.135,1.335
0,0,0,1.335,0.315,-0.135,1.335
0,0,0,1.335,0.305,-0.125,1.335
0,0,0,1.335,0.315,-0.125,1.335
0,0,0,1.335,0.305,-0.115,1.335
0,0,0,1.335,0.315,-0.115,1.335
0,0,0,1.335,0.315,-0.105,1.335
0,0,0,1.335,0.315,-0.095,1.335
0,0,0,1.345,0.315,-0.105,1.345
0,0,0,1.335,0.325,-0.315,1.335
0,0,0,1.335,0.335,-0.315,1.335
0,0,0,1.335,0.345,-0.315,1.335
0,0,0,1.335,0.355,-0.305,1.335
0,0,0,1.335,0.325,-0.285,1.335
0,0,0,1.335,0.335,-0.285,1.335
0,0,0,1.335,0.345,-0.285,1.335
0,0,0,1.335,0.355,-0.285,1.335
0,0,0,1.335,0.365,-0.305,1.335
0,0,0,1.335,0.375,-0.305,1.335
0,0,0,1.335,0.385,-0.305,1.335
0,0,0,1.335,0.385,-0.295,1.335
0,0,0,1.335,0.395,-0.295,1.335
0,0,0,1.335,0.325,-0.265,1.335
0,0,0,1.335,0.335,-0.265,1.335
0,0,0,1.335,0.355,-0.275,1.335
0,0,0,1.335,0.335,-0.255,1.335
0,0,0,1.335,0.325,-0.245,1.335
0,0,0,1.335,0.345,-0.255,1.335
0,0,0,1.335,0.355,-0.255,1.335
0,0,0,1.335,0.365,-0.275,1.335
0,0,0,1.335,0.375,-0.275,1.335
0,0,0,1.335,0.385,-0.275,1.335
0,0,0,1.335,0.395,-0.275,1.335
0,0,0,1.335,0.395,-0.265,1.335
0,0,0,1.335,0.365,-0.255,1.335
0,0,0,1.335,0.375,-0.255,1.335
0,0,0,1.335,0.375,-0.245,1.335
0,0,0,1.335,0.385,-0.245,1.335
0,0,0,1.335,0.395,-0.245,1.335
0,0,0,1.335,0.425,-0.315,1.335
0,0,0,1.335,0.435,-0.315,1.335
0,0,0,1.335,0.405,-0.295,1.335
0,0,0,1.335,0.415,-0.295,1.335
0,0,0,1.335,0.425,-0.285,1.335
0,0,0,1.335,0.435,-0.285,1.335
0,0,0,1.335,0.445,-0.315,1.335
0,0,0,1.335,0.455,-0.315,1.335
0,0,0,1.335,0.445,-0.285,1.335
0,0,0,1.335,0.405,-0.265,1.335
0,0,0,1.335,0.415,-0.265,1.335
0,0,0,1.335,0.425,-0.265,1.335
0,0,0,1.335,0.435,-0.265,1.335
0,0,0,1.335,0.405,-0.245,1.335
0,0,0,1.335,0.415,-0.245,1.335
0,0,0,1.335,0.435,-0.255,1.335
0,0,0,1.335,0.445,-0.255,1.335
0,0,0,1.335,0.455,-0.255,1.335
0,0,0,1.335,0.325,-0.235,1.335
0,0,0,1.335,0.335,-0.235,1.335
0,0,0,1.335,0.325,-0.225,1.335
0,0,0,1.335,0.345,-0.235,1.335
0,0,0,1.335,0.355,-0.235,1.335
0,0,0,1.335,0.325,-0.215,1.335
0,0,0,1.335,0.335,-0.215,1.335
0,0,0,1.335,0.325,-0.205,1.335
0,0,0,1.335,0.335,-0.205,1.335
0,0,0,1.335,0.345,-0.215,1.335
0,0,0,1.335,0.355,-0.215,1.335
0,0,0,1.335,0.365,-0.235,1.335
0,0,0,1.335,0.365,-0.225,1.335
0,0,0,1.335,0.375,-0.225,1.335
0,0,0,1.335,0.385,-0.225,1.335
0,0,0,1.335,0.395,-0.225,1.335
0,0,0,1.335,0.365,-0.215,1.335
0,0,0,1.335,0.375,-0.215,1.335
0,0,0,1.335,0.375,-0.205,1.335
0,0,0,1.335,0.385,-0.205,1.335
0,0,0,1.335,0.395,-0.205,1.335
0,0,0,1.335,0.335,-0.195,1.335
0,0,0,1.335,0.325,-0.185,1.335
0,0,0,1.335,0.335,-0.185,1.335
0,0,0,1.335,0.345,-0.195,1.335
0,0,0,1.335,0.355,-0.195,1.335
0,0,0,1.335,0.345,-0.185,1.335
0,0,0,1.335,0.355,-0.185,1.335
0,0,0,1.335,0.325,-0.175,1.335
0,0,0,1.335,0.335,-0.175,1.335
0,0,0,1.335,0.325,-0.165,1.335
0,0,0,1.335,0.345,-0.165,1.335
0,0,0,1.335,0.355,-0.165,1.335
0,0,0,1.335,0.365,-0.195,1.335
0,0,0,1.335,0.375,-0.195,1.335
0,0,0,1.335,0.385,-0.195,1.335
0,0,0,1.335,0.395,-0.185,1.335
0,0,0,1.335,0.365,-0.175,1.335
0,0,0,1.335,0.375,-0.175,1.335
0,0,0,1.335,0.365,-0.165,1.335
0,0,0,1.335,0.375,-0.165,1.335
0,0,0,1.335,0.385,-0.175,1.335
0,0,0,1.335,0.395,-0.175,1.335
0,0,0,1.335,0.385,-0.165,1.335
0,0,0,1.335,0.395,-0.165,1.335
0,0,0,1.335,0.405,-0.225,1.335
0,0,0,1.335,0.415,-0.225,1.335
0,0,0,1.335,0.425,-0.235,1.335
0,0,0,1.335,0.435,-0.235,1.335
0,0,0,1.335,0.415,-0.215,1.335
0,0,0,1.335,0.405,-0.205,1.335
0,0,0,1.335,0.415,-0.205,1.335
0,0,0,1.335,0.425,-0.215,1.335
0,0,0,1.335,0.435,-0.215,1.335
0,0,0,1.335,0.425,-0.205,1.335
0,0,0,1.335,0.445,-0.235,1.335
0,0,0,1.335,0.445,-0.215,1.335
0,0,0,1.335,0.405,-0.185,1.335
0,0,0,1.335,0.415,-0.185,1.335
0,0,0,1.335,0.425,-0.195,1.335
0,0,0,1.335,0.435,-0.195,1.335
0,0,0,1.335,0.425,-0.185,1.335
0,0,0,1.335,0.435,-0.185,1.335
0,0,0,1.335,0.405,-0.175,1.335
0,0,0,1.335,0.415,-0.175,1.335
0,0,0,1.335,0.405,-0.165,1.335
0,0,0,1.335,0.415,-0.165,1.335
0,0,0,1.335,0.425,-0.165,1.335
0,0,0,1.335,0.435,-0.165,1.335
0,0,0,1.335,0.445,-0.195,1.335
0,0,0,1.335,0.445,-0.185,1.335
0,0,0,1.335,0.445,-0.175,1.335
0,0,0,1.335,0.455,-0.175,1.335
0,0,0,1.335,0.445,-0.165,1.335
0,0,0,1.335,0.455,-0.165,1.335
0,0,0,1.335,0.325,-0.155,1.335
0,0,0,1.335,0.335,-0.155,1.335
0,0,0,1.335,0.325,-0.145,1.335
0,0,0,1.335,0.335,-0.145,1.335
0,0,0,1.335,0.345,-0.155,1.335
0,0,0,1.335,0.355,-0.155,1.335
0,0,0,1.335,0.345,-0.145,1.335
0,0,0,1.335,0.355,-0.145,1.335
0,0,0,1.335,0.325,-0.135,1.335
0,0,0,1.335,0.335,-0.135,1.335
0,0,0,1.335,0.325,-0.125,1.335
0,0,0,1.335,0.335,-0.125,1.335
0,0,0,1.335,0.345,-0.135,1.335
0,0,0,1.335,0.355,-0.135,1.335
0,0,0,1.335,0.345,-0.125,1.335
0,0,0,1.335,0.355,-0.125,1.335
0,0,0,1.335,0.365,-0.155,1.335
0,0,0,1.335,0.375,-0.155,1.335
0,0,0,1.335,0.365,-0.145,1.335
0,0,0,1.335,0.375,-0.145,1.335
0,0,0,1.335,0.385,-0.155,1.335
0,0,0,1.335,0.385,-0.145,1.335
0,0,0,1.335,0.395,-0.145,1.335
0,0,0,1.335,0.365,-0.135,1.335
0,0,0,1.335,0.375,-0.135,1.335
0,0,0,1.335,0.365,-0.125,1.335
0,0,0,1.335,0.375,-0.125,1.335
0,0,0,1.335,0.385,-0.135,1.335
0,0,0,1.335,0.395,-0.135,1.335
0,0,0,1.335,0.385,-0.125,1.335
0,0,0,1.335,0.395,-0.125,1.335
0,0,0,1.335,0.325,-0.115,1.335
0,0,0,1.335,0.335,-0.115,1.335
0,0,0,1.335,0.325,-0.105,1.335
0,0,0,1.335,0.335,-0.105,1.335
0,0,0,1.335,0.345,-0.115,1.335
0,0,0,1.335,0.355,-0.115,1.335
0,0,0,1.335,0.345,-0.105,1.335
0,0,0,1.335,0.355,-0.105,1.335
0,0,0,1.335,0.325,-0.095,1.335
0,0,0,1.335,0.335,-0.095,1.335
0,0,0,1.335,0.325,-0.085,1.335
0,0,0,1.335,0.335,-0.085,1.335
0,0,0,1.335,0.345,-0.095,1.335
0,0,0,1.335,0.355,-0.095,1.335
0,0,0,1.335,0.345,-0.085,1.335
0,0,0,1.335,0.355,-0.085,1.335
0,0,0,1.345,0.325,-0.105,1.345
0,0,0,1.345,0.335,-0.105,1.345
0,0,0,1.345,0.345,-0.105,1.345
0,0,0,1.345,0.355,-0.105,1.345
0,0,0,1.335,0.365,-0.115,1.335
0,0,0,1.335,0.375,-0.115,1.335
0,0,0,1.335,0.365,-0.105,1.335
0,0,0,1.335,0.375,-0.105,1.335
0,0,0,1.335,0.385,-0.115,1.335
0,0,0,1.335,0.395,-0.115,1.335
0,0,0,1.335,0.385,-0.105,1.335
0,0,0,1.335,0.395,-0.105,1.335
0,0,0,1.335,0.365,-0.095,1.335
0,0,0,1.335,0.365,-0.085,1.335
0,0,0,1.335,0.375,-0.085,1.335
0,0,0,1.335,0.395,-0.095,1.335
0,0,0,1.335,0.385,-0.085,1.335
0,0,0,1.335,0.395,-0.085,1.335
0,0,0,1.345,0.365,-0.105,1.345
0,0,0,1.345,0.365,-0.095,1.345
0,0,0,1.345,0.375,-0.095,1.345
0,0,0,1.345,0.385,-0.095,1.345
0,0,0,1.345,0.395,-0.095,1.345
0,0,0,1.335,0.405,-0.155,1.335
0,0,0,1.335,0.415,-0.155,1.335
0,0,0,1.335,0.405,-0.145,1.335
0,0,0,1.335,0.415,-0.145,1.335
0,0,0,1.335,0.425,-0.155,1.335
0,0,0,1.335,0.435,-0.155,1.335
0,0,0,1.335,0.425,-0.145,1.335
0,0,0,1.335,0.435,-0.145,1.335
0,0,0,1.335,0.405,-0.135,1.335
0,0,0,1.335,0.415,-0.135,1.335
0,0,0,1.335,0.405,-0.125,1.335
0,0,0,1.335,0.415,-0.125,1.335
0,0,0,1.335,0.425,-0.135,1.335
0,0,0,1.335,0.435,-0.135,1.335
0,0,0,1.335,0.425,-0.125,1.335
0,0,0,1.335,0.435,-0.125,1.335
0,0,0,1.335,0.445,-0.155,1.335
0,0,0,1.335,0.445,-0.145,1.335
0,0,0,1.335,0.455,-0.145,1.335
0,0,0,1.335,0.445,-0.135,1.335
0,0,0,1.335,0.455,-0.135,1.335
0,0,0,1.335,0.445,-0.125,1.335
0,0,0,1.335,0.405,-0.115,1.335
0,0,0,1.335,0.415,-0.115,1.335
0,0,0,1.335,0.405,-0.105,1.335
0,0,0,1.335,0.415,-0.105,1.335
0,0,0,1.335,0.425,-0.115,1.335
0,0,0,1.335,0.435,-0.115,1.335
0,0,0,1.335,0.425,-0.105,1.335
0,0,0,1.335,0.435,-0.105,1.335
0,0,0,1.335,0.415,-0.095,1.335
0,0,0,1.335,0.405,-0.085,1.335
0,0,0,1.335,0.415,-0.085,1.335
0,0,0,1.335,0.425,-0.095,1.335
0,0,0,1.335,0.435,-0.095,1.335
0,0,0,1.335,0.425,-0.085,1.335
0,0,0,1.335,0.435,-0.085,1.335
0,0,0,1.345,0.405,-0.095,1.345
0,0,0,1.345,0.415,-0.095,1.345
0,0,0,1.345,0.425,-0.095,1.345
0,0,0,1.345,0.435,-0.095,1.345
0,0,0,1.335,0.445,-0.115,1.335
0,0,0,1.335,0.445,-0.105,1.335
0,0,0,1.335,0.445,-0.095,1.335
0,0,0,1.335,0.445,-0.085,1.335
0,0,0,1.335,0.455,-0.085,1.335
0,0,0,1.345,0.445,-0.095,1.345
0,0,0,1.335,0.325,-0.075,1.335
0,0,0,1.335,0.335,-0.075,1.335
0,0,0,1.335,0.325,-0.065,1.335
0,0,0,1.335,0.335,-0.065,1.335
0,0,0,1.335,0.345,-0.075,1.335
0,0,0,1.335,0.355,-0.075,1.335
0,0,0,1.335,0.345,-0.065,1.335
0,0,0,1.335,0.355,-0.065,1.335
0,0,0,1.335,0.335,-0.055,1.335
0,0,0,1.335,0.335,-0.045,1.335
0,0,0,1.335,0.345,-0.055,1.335
0,0,0,1.335,0.355,-0.055,1.335
0,0,0,1.335,0.345,-0.045,1.335
0,0,0,1.335,0.355,-0.045,1.335
0,0,0,1.335,0.365,-0.075,1.335
0,0,0,1.335,0.375,-0.075,1.335
0,0,0,1.335,0.365,-0.065,1.335
0,0,0,1.335,0.375,-0.065,1.335
0,0,0,1.335,0.385,-0.075,1.335
0,0,0,1.335,0.395,-0.075,1.335
0,0,0,1.335,0.385,-0.065,1.335
0,0,0,1.335,0.395,-0.065,1.335
0,0,0,1.335,0.365,-0.055,1.335
0,0,0,1.335,0.375,-0.055,1.335
0,0,0,1.335,0.365,-0.045,1.335
0,0,0,1.335,0.375,-0.045,1.335
0,0,0,1.335,0.385,-0.055,1.335
0,0,0,1.335,0.395,-0.055,1.335
0,0,0,1.335,0.385,-0.045,1.335
0,0,0,1.335,0.395,-0.045,1.335
0,0,0,1.335,0.335,-0.035,1.335
0,0,0,1.335,0.335,-0.025,1.335
0,0,0,1.335,0.345,-0.035,1.335
0,0,0,1.335,0.355,-0.035,1.335
0,0,0,1.335,0.345,-0.025,1.335
0,0,0,1.335,0.355,-0.025,1.335
0,0,0,1.335,0.335,-0.015,1.335
0,0,0,1.335,0.335,-0.005,1.335
0,0,0,1.335,0.345,-0.015,1.335
0,0,0,1.335,0.355,-0.015,1.335
0,0,0,1.335,0.345,-0.005,1.335
0,0,0,1.335,0.355,-0.005,1.335
0,0,0,1.335,0.365,-0.035,1.335
0,0,0,1.335,0.375,-0.035,1.335
0,0,0,1.335,0.365,-0.025,1.335
0,0,0,1.335,0.375,-0.025,1.335
0,0,0,1.335,0.385,-0.035,1.335
0,0,0,1.335,0.395,-0.035,1.335
0,0,0,1.335,0.385,-0.025,1.335
0,0,0,1.335,0.395,-0.025,1.335
0,0,0,1.335,0.365,-0.015,1.335
0,0,0,1.335,0.375,-0.015,1.335
0,0,0,1.335,0.365,-0.005,1.335
0,0,0,1.335,0.375,-0.005,1.335
0,0,0,1.335,0.385,-0.015,1.335
0,0,0,1.335,0.395,-0.015,1.335
0,0,0,1.335,0.385,-0.005,1.335
0,0,0,1.335,0.395,-0.005,1.335
0,0,0,1.335,0.405,-0.075,1.335
0,0,0,1.335,0.415,-0.075,1.335
0,0,0,1.335,0.405,-0.065,1.335
0,0,0,1.335,0.415,-0.065,1.335
0,0,0,1.335,0.425,-0.075,1.335
0,0,0,1.335,0.435,-0.075,1.335
0,0,0,1.335,0.425,-0.065,1.335
0,0,0,1.335,0.435,-0.065,1.335
0,0,0,1.335,0.405,-0.055,1.335
0,0,0,1.335,0.415,-0.055,1.335
0,0,0,1.335,0.405,-0.045,1.335
0,0,0,1.335,0.415,-0.045,1.335
0,0,0,1.335,0.425,-0.055,1.335
0,0,0,1.335,0.435,-0.055,1.335
0,0,0,1.335,0.425,-0.045,1.335
0,0,0,1.335,0.435,-0.045,1.335
0,0,0,1.335,0.445,-0.075,1.335
0,0,0,1.335,0.445,-0.065,1.335
0,0,0,1.335,0.445,-0.055,1.335
0,0,0,1.335,0.445,-0.045,1.335
0,0,0,1.335,0.405,-0.035,1.335
0,0,0,1.335,0.415,-0.035,1.335
0,0,0,1.335,0.405,-0.025,1.335
0,0,0,1.335,0.415,-0.025,1.335
0,0,0,1.335,0.425,-0.035,1.335
0,0,0,1.335,0.435,-0.035,1.335
0,0,0,1.335,0.425,-0.025,1.335
0,0,0,1.335,0.435,-0.025,1.335
0,0,0,1.335,0.405,-0.015,1.335
0,0,0,1.335,0.415,-0.015,1.335
0,0,0,1.335,0.405,-0.005,1.335
0,0,0,1.335,0.415,-0.005,1.335
0,0,0,1.335,0.425,-0.015,1.335
0,0,0,1.335,0.435,-0.015,1.335
0,0,0,1.335,0.425,-0.005,1.335
0,0,0,1.335,0.435,-0.005,1.335
0,0,0,1.335,0.445,-0.035,1.335
0,0,0,1.335,0.445,-0.025,1.335
0,0,0,1.335,0.445,-0.015,1.335
0,0,0,1.335,0.445,-0.005,1.335
0,0,0,0.005,0.565,0.015,0.005
0,0,0,0.005,0.575,0.015,0.005
0,0,0,0.005,0.585,0.015,0.005
0,0,0,0.005,0.595,0.015,0.005
0,0,0,0.005,0.605,0.015,0.005
0,0,0,0.005,0.615,0.015,0.005
0,0,0,0.005,0.625,0.015,0.005
0,0,0,0.005,0.635,0.015,0.005
0,0,0,0.005,0.565,0.065,0.005
0,0,0,0.005,0.575,0.065,0.005
0,0,0,0.005,0.585,0.065,0.005
0,0,0,0.005,0.595,0.065,0.005
0,0,0,0.005,0.605,0.065,0.005
0,0,0,0.005,0.615,0.065,0.005
0,0,0,0.005,0.625,0.065,0.005
0,0,0,0.005,0.635,0.065,0.005
0,0,0,0.005,0.545,0.115,0.005
0,0,0,0.005,0.555,0.115,0.005
0,0,0,0.005,0.535,0.155,0.005
0,0,0,0.005,0.545,0.155,0.005
0,0,0,0.005,0.555,0.155,0.005
0,0,0,0.005,0.565,0.115,0.005
0,0,0,0.005,0.575,0.115,0.005
0,0,0,0.005,0.585,0.115,0.005
0,0,0,0.005,0.595,0.115,0.005
0,0,0,0.005,0.605,0.115,0.005
0,0,0,0.005,0.615,0.115,0.005
0,0,0,0.005,0.625,0.115,0.005
0,0,0,0.005,0.635,0.115,0.005
0,0,0,0.005,0.565,0.155,0.005
0,0,0,0.005,0.575,0.155,0.005
0,0,0,0.005,0.585,0.155,0.005
0,0,0,0.005,0.595,0.155,0.005
0,0,0,0.005,0.605,0.155,0.005
0,0,0,0.005,0.615,0.155,0.005
0,0,0,0.005,0.625,0.155,0.005
0,0,0,0.005,0.635,0.155,0.005
0,0,0,0.005,0.535,0.205,0.005
0,0,0,0.005,0.545,0.205,0.005
0,0,0,0.005,0.555,0.205,0.005
0,0,0,0.005,0.565,0.205,0.005
0,0,0,0.005,0.575,0.205,0.005
0,0,0,0.005,0.585,0.205,0.005
0,0,0,0.005,0.595,0.205,0.005
0,0,0,0.005,0.605,0.205,0.005
0,0,0,0.005,0.615,0.205,0.005
0,0,0,0.005,0.625,0.205,0.005
0,0,0,0.005,0.635,0.205,0.005
0,0,0,0.005,0.535,0.255,0.005
0,0,0,0.005,0.545,0.255,0.005
0,0,0,0.005,0.555,0.255,0.005
0,0,0,0.005,0.535,0.295,0.005
0,0,0,0.005,0.545,0.295,0.005
0,0,0,0.005,0.555,0.295,0.005
0,0,0,0.005,0.565,0.255,0.005
0,0,0,0.005,0.575,0.255,0.005
0,0,0,0.005,0.585,0.255,0.005
0,0,0,0.005,0.595,0.255,0.005
0,0,0,0.005,0.605,0.255,0.005
0,0,0,0.005,0.615,0.255,0.005
0,0,0,0.005,0.625,0.255,0.005
0,0,0,0.005,0.635,0.255,0.005
0,0,0,0.005,0.565,0.295,0.005
0,0,0,0.005,0.575,0.295,0.005
0,0,0,0.005,0.585,0.295,0.005
0,0,0,0.005,0.595,0.295,0.005
0,0,0,0.005,0.605,0.295,0.005
0,0,0,0.005,0.615,0.295,0.005
0,0,0,0.005,0.625,0.295,0.005
0,0,0,0.005,0.635,0.295,0.005
0,0,0,0.005,0.535,0.355,0.005
0,0,0,0.005,0.545,0.355,0.005
0,0,0,0.005,0.555,0.355,0.005
0,0,0,0.005,0.575,0.345,0.005
0,0,0,0.005,0.565,0.355,0.005
0,0,0,0.005,0.575,0.355,0.005
0,0,0,0.005,0.585,0.345,0.005
0,0,0,0.005,0.595,0.345,0.005
0,0,0,0.005,0.605,0.345,0.005
0,0,0,0.005,0.615,0.345,0.005
0,0,0,0.005,0.625,0.345,0.005
0,0,0,0.005,0.635,0.345,0.005
0,0,0,0.005,0.535,0.405,0.005
0,0,0,0.005,0.545,0.405,0.005
0,0,0,0.005,0.555,0.405,0.005
0,0,0,0.005,0.545,0.455,0.005
0,0,0,0.005,0.555,0.455,0.005
0,0,0,0.005,0.525,0.465,0.005
0,0,0,0.005,0.535,0.465,0.005
0,0,0,0.005,0.565,0.405,0.005
0,0,0,0.005,0.575,0.405,0.005
0,0,0,0.005,0.585,0.405,0.005
0,0,0,0.005,0.595,0.405,0.005
0,0,0,0.005,0.605,0.405,0.005
0,0,0,0.005,0.615,0.405,0.005
0,0,0,0.005,0.625,0.405,0.005
0,0,0,0.005,0.635,0.405,0.005
0,0,0,0.005,0.565,0.455,0.005
0,0,0,0.005,0.575,0.455,0.005
0,0,0,0.005,0.585,0.455,0.005
0,0,0,0.005,0.595,0.455,0.005
0,0,0,0.005,0.605,0.455,0.005
0,0,0,0.005,0.615,0.455,0.005
0,0,0,0.005,0.625,0.455,0.005
0,0,0,0.005,0.635,0.455,0.005
0,0,0,0.115,0.625,0.475,0.115
0,0,0,0.115,0.635,0.475,0.115
0,0,0,0.125,0.595,0.475,0.125
0,0,0,0.125,0.605,0.475,0.125
0,0,0,0.125,0.615,0.475,0.125
0,0,0,0.265,0.555,0.475,0.265
0,0,0,0.265,0.565,0.475,0.265
0,0,0,0.265,0.575,0.475,0.265
0,0,0,0.265,0.585,0.475,0.265
0,0,0,0.265,0.595,0.475,0.265
0,0,0,0.255,0.615,0.475,0.255
0,0,0,0.255,0.625,0.475,0.255
0,0,0,0.255,0.635,0.475,0.255
0,0,0,0.265,0.605,0.475,0.265
0,0,0,0.395,0.515,0.475,0.395
0,0,0,0.395,0.525,0.475,0.395
0,0,0,0.395,0.535,0.475,0.395
0,0,0,0.385,0.555,0.475,0.385
0,0,0,0.395,0.545,0.475,0.395
0,0,0,0.385,0.565,0.475,0.385
0,0,0,0.385,0.575,0.475,0.385
0,0,0,0.385,0.585,0.475,0.385
0,0,0,0.385,0.595,0.475,0.385
0,0,0,0.375,0.635,0.475,0.375
0,0,0,0.385,0.605,0.475,0.385
0,0,0,0.385,0.615,0.475,0.385
0,0,0,0.385,0.625,0.475,0.385
0,0,0,0.515,0.475,0.475,0.515
0,0,0,0.595,0.465,0.475,0.595
0,0,0,0.595,0.475,0.475,0.595
0,0,0,0.605,0.435,0.475,0.605
0,0,0,0.605,0.445,0.475,0.605
0,0,0,0.605,0.455,0.475,0.605
0,0,0,0.505,0.495,0.475,0.505
0,0,0,0.515,0.485,0.475,0.515
0,0,0,0.505,0.505,0.475,0.505
0,0,0,0.505,0.515,0.475,0.505
0,0,0,0.505,0.525,0.475,0.505
0,0,0,0.505,0.535,0.475,0.505
0,0,0,0.505,0.545,0.475,0.505
0,0,0,0.505,0.555,0.475,0.505
0,0,0,0.495,0.575,0.475,0.495
0,0,0,0.495,0.585,0.475,0.495
0,0,0,0.505,0.565,0.475,0.505
0,0,0,0.595,0.485,0.475,0.595
0,0,0,0.595,0.495,0.475,0.595
0,0,0,0.595,0.505,0.475,0.595
0,0,0,0.595,0.515,0.475,0.595
0,0,0,0.595,0.525,0.475,0.595
0,0,0,0.595,0.535,0.475,0.595
0,0,0,0.585,0.545,0.475,0.585
0,0,0,0.005,0.645,0.015,0.005
0,0,0,0.005,0.655,0.015,0.005
0,0,0,0.005,0.665,0.015,0.005
0,0,0,0.005,0.675,0.015,0.005
0,0,0,0.005,0.685,0.015,0.005
0,0,0,0.005,0.695,0.015,0.005
0,0,0,0.005,0.705,0.015,0.005
0,0,0,0.005,0.715,0.015,0.005
0,0,0,0.005,0.645,0.065,0.005
0,0,0,0.005,0.655,0.065,0.005
0,0,0,0.005,0.665,0.065,0.005
0,0,0,0.005,0.675,0.065,0.005
0,0,0,0.005,0.685,0.065,0.005
0,0,0,0.005,0.695,0.065,0.005
0,0,0,0.005,0.705,0.065,0.005
0,0,0,0.005,0.715,0.065,0.005
0,0,0,0.005,0.725,0.015,0.005
0,0,0,0.005,0.735,0.015,0.005
0,0,0,0.005,0.745,0.015,0.005
0,0,0,0.005,0.755,0.015,0.005
0,0,0,0.005,0.765,0.015,0.005
0,0,0,0.005,0.775,0.015,0.005
0,0,0,0.005,0.785,0.015,0.005
0,0,0,0.005,0.795,0.015,0.005
0,0,0,0.005,0.725,0.065,0.005
0,0,0,0.005,0.735,0.065,0.005
0,0,0,0.005,0.745,0.065,0.005
0,0,0,0.005,0.755,0.065,0.005
0,0,0,0.005,0.765,0.065,0.005
0,0,0,0.005,0.775,0.065,0.005
0,0,0,0.005,0.785,0.065,0.005
0,0,0,0.005,0.795,0.065,0.005
0,0,0,0.005,0.645,0.115,0.005
0,0,0,0.005,0.655,0.115,0.005
0,0,0,0.005,0.665,0.115,0.005
0,0,0,0.005,0.675,0.115,0.005
0,0,0,0.005,0.685,0.115,0.005
0,0,0,0.005,0.695,0.115,0.005
0,0,0,0.005,0.705,0.115,0.005
0,0,0,0.005,0.715,0.115,0.005
0,0,0,0.005,0.645,0.155,0.005
0,0,0,0.005,0.655,0.155,0.005
0,0,0,0.005,0.665,0.155,0.005
0,0,0,0.005,0.675,0.155,0.005
0,0,0,0.005,0.685,0.155,0.005
0,0,0,0.005,0.695,0.155,0.005
0,0,0,0.005,0.705,0.155,0.005
0,0,0,0.005,0.715,0.155,0.005
0,0,0,0.005,0.725,0.115,0.005
0,0,0,0.005,0.735,0.115,0.005
0,0,0,0.005,0.745,0.115,0.005
0,0,0,0.005,0.755,0.115,0.005
0,0,0,0.005,0.765,0.115,0.005
0,0,0,0.005,0.775,0.115,0.005
0,0,0,0.005,0.785,0.115,0.005
0,0,0,0.005,0.795,0.115,0.005
0,0,0,0.005,0.725,0.155,0.005
0,0,0,0.005,0.735,0.155,0.005
0,0,0,0.005,0.745,0.155,0.005
0,0,0,0.005,0.755,0.155,0.005
0,0,0,0.005,0.765,0.155,0.005
0,0,0,0.005,0.775,0.155,0.005
0,0,0,0.005,0.785,0.155,0.005
0,0,0,0.005,0.795,0.155,0.005
0,0,0,0.005,0.805,0.015,0.005
0,0,0,0.005,0.815,0.015,0.005
0,0,0,0.005,0.805,0.065,0.005
0,0,0,0.005,0.815,0.065,0.005
0,0,0,0.005,0.825,0.065,0.005
0,0,0,0.005,0.805,0.115,0.005
0,0,0,0.005,0.815,0.115,0.005
0,0,0,0.005,0.805,0.155,0.005
0,0,0,0.005,0.815,0.155,0.005
0,0,0,0.005,0.675,0.195,0.005
0,0,0,0.005,0.685,0.195,0.005
0,0,0,0.005,0.695,0.195,0.005
0,0,0,0.005,0.705,0.195,0.005
0,0,0,0.005,0.715,0.195,0.005
0,0,0,0.005,0.645,0.205,0.005
0,0,0,0.005,0.655,0.205,0.005
0,0,0,0.005,0.665,0.205,0.005
0,0,0,0.005,0.725,0.195,0.005
0,0,0,0.005,0.735,0.195,0.005
0,0,0,0.005,0.745,0.195,0.005
0,0,0,0.005,0.755,0.195,0.005
0,0,0,0.005,0.765,0.195,0.005
0,0,0,0.005,0.775,0.195,0.005
0,0,0,0.005,0.785,0.195,0.005
0,0,0,0.005,0.795,0.195,0.005
0,0,0,0.005,0.645,0.255,0.005
0,0,0,0.005,0.655,0.255,0.005
0,0,0,0.005,0.665,0.255,0.005
0,0,0,0.005,0.675,0.255,0.005
0,0,0,0.005,0.685,0.255,0.005
0,0,0,0.005,0.695,0.255,0.005
0,0,0,0.005,0.705,0.255,0.005
0,0,0,0.005,0.715,0.255,0.005
0,0,0,0.005,0.645,0.295,0.005
0,0,0,0.005,0.655,0.295,0.005
0,0,0,0.005,0.665,0.295,0.005
0,0,0,0.005,0.675,0.295,0.005
0,0,0,0.005,0.685,0.295,0.005
0,0,0,0.005,0.695,0.295,0.005
0,0,0,0.005,0.705,0.295,0.005
0,0,0,0.005,0.715,0.295,0.005
0,0,0,0.005,0.725,0.255,0.005
0,0,0,0.005,0.735,0.255,0.005
0,0,0,0.005,0.745,0.255,0.005
0,0,0,0.005,0.755,0.255,0.005
0,0,0,0.005,0.765,0.255,0.005
0,0,0,0.005,0.775,0.255,0.005
0,0,0,0.005,0.785,0.255,0.005
0,0,0,0.005,0.795,0.255,0.005
0,0,0,0.005,0.725,0.295,0.005
0,0,0,0.005,0.735,0.295,0.005
0,0,0,0.005,0.745,0.295,0.005
0,0,0,0.005,0.755,0.295,0.005
0,0,0,0.005,0.765,0.295,0.005
0,0,0,0.005,0.775,0.295,0.005
0,0,0,0.005,0.785,0.295,0.005
0,0,0,0.005,0.795,0.295,0.005
0,0,0,0.005,0.805,0.195,0.005
0,0,0,0.005,0.815,0.195,0.005
0,0,0,0.005,0.805,0.255,0.005
0,0,0,0.005,0.815,0.255,0.005
0,0,0,0.005,0.805,0.295,0.005
0,0,0,0.005,0.815,0.295,0.005
0,0,0,0.005,0.645,0.345,0.005
0,0,0,0.005,0.655,0.345,0.005
0,0,0,0.005,0.665,0.345,0.005
0,0,0,0.005,0.675,0.345,0.005
0,0,0,0.005,0.685,0.345,0.005
0,0,0,0.005,0.695,0.345,0.005
0,0,0,0.005,0.705,0.345,0.005
0,0,0,0.005,0.715,0.345,0.005
0,0,0,0.005,0.685,0.395,0.005
0,0,0,0.005,0.695,0.395,0.005
0,0,0,0.005,0.705,0.395,0.005
0,0,0,0.005,0.715,0.395,0.005
0,0,0,0.005,0.725,0.345,0.005
0,0,0,0.005,0.735,0.345,0.005
0,0,0,0.005,0.745,0.345,0.005
0,0,0,0.005,0.755,0.345,0.005
0,0,0,0.005,0.765,0.345,0.005
0,0,0,0.005,0.775,0.345,0.005
0,0,0,0.005,0.785,0.345,0.005
0,0,0,0.005,0.795,0.345,0.005
0,0,0,0.005,0.725,0.395,0.005
0,0,0,0.005,0.735,0.395,0.005
0,0,0,0.005,0.745,0.395,0.005
0,0,0,0.005,0.755,0.395,0.005
0,0,0,0.005,0.765,0.395,0.005
0,0,0,0.005,0.775,0.395,0.005
0,0,0,0.005,0.785,0.395,0.005
0,0,0,0.005,0.795,0.395,0.005
0,0,0,0.005,0.645,0.405,0.005
0,0,0,0.005,0.655,0.405,0.005
0,0,0,0.005,0.665,0.405,0.005
0,0,0,0.005,0.675,0.405,0.005
0,0,0,0.005,0.645,0.455,0.005
0,0,0,0.005,0.655,0.455,0.005
0,0,0,0.005,0.665,0.455,0.005
0,0,0,0.005,0.675,0.455,0.005
0,0,0,0.005,0.685,0.455,0.005
0,0,0,0.005,0.695,0.455,0.005
0,0,0,0.005,0.705,0.455,0.005
0,0,0,0.005,0.715,0.455,0.005
0,0,0,0.005,0.725,0.455,0.005
0,0,0,0.005,0.735,0.455,0.005
0,0,0,0.005,0.745,0.455,0.005
0,0,0,0.005,0.755,0.455,0.005
0,0,0,0.005,0.765,0.455,0.005
0,0,0,0.005,0.775,0.455,0.005
0,0,0,0.005,0.795,0.445,0.005
0,0,0,0.005,0.785,0.455,0.005
0,0,0,0.115,0.645,0.475,0.115
0,0,0,0.115,0.655,0.475,0.115
0,0,0,0.115,0.665,0.475,0.115
0,0,0,0.115,0.675,0.475,0.115
0,0,0,0.115,0.685,0.475,0.115
0,0,0,0.115,0.695,0.475,0.115
0,0,0,0.105,0.705,0.475,0.105
0,0,0,0.105,0.715,0.475,0.105
0,0,0,0.105,0.725,0.475,0.105
0,0,0,0.105,0.735,0.475,0.105
0,0,0,0.105,0.745,0.475,0.105
0,0,0,0.105,0.755,0.475,0.105
0,0,0,0.105,0.765,0.475,0.105
0,0,0,0.005,0.805,0.345,0.005
0,0,0,0.005,0.815,0.345,0.005
0,0,0,0.005,0.805,0.395,0.005
0,0,0,0.005,0.815,0.395,0.005
0,0,0,0.005,0.805,0.445,0.005
0,0,0,0.005,0.815,0.445,0.005
0,0,0,0.255,0.645,0.475,0.255
0,0,0,0.255,0.655,0.475,0.255
0,0,0,0.255,0.665,0.475,0.255
0,0,0,0.255,0.675,0.475,0.255
0,0,0,0.245,0.695,0.475,0.245
0,0,0,0.255,0.685,0.475,0.255
0,0,0,0.245,0.705,0.475,0.245
0,0,0,0.005,0.305,0.875,0.005
0,0,0,0.005,0.315,0.875,0.005
0,0,0,0.005,0.235,0.955,0.005
0,0,0,0.005,0.255,0.945,0.005
0,0,0,0.005,0.245,0.955,0.005
0,0,0,0.005,0.265,0.945,0.005
0,0,0,0.005,0.275,0.945,0.005
0,0,0,0.005,0.285,0.945,0.005
0,0,0,0.005,0.295,0.945,0.005
0,0,0,0.005,0.305,0.945,0.005
0,0,0,0.005,0.315,0.945,0.005
0,0,0,0.005,0.325,0.865,0.005
0,0,0,0.005,0.335,0.865,0.005
0,0,0,0.005,0.325,0.945,0.005
0,0,0,0.005,0.335,0.945,0.005
0,0,0,0.005,0.345,0.945,0.005
0,0,0,0.005,0.645,0.995,0.005
0,0,0,0.005,0.655,0.995,0.005
0,0,0,0.005,0.665,0.985,0.005
0,0,0,0.905,0.405,0.015,0.905
0,0,0,0.915,0.405,0.015,0.915
0,0,0,0.905,0.405,0.035,0.905
0,0,0,0.915,0.405,0.035,0.915
0,0,0,0.905,0.405,0.055,0.905
0,0,0,0.915,0.405,0.055,0.915
0,0,0,0.905,0.405,0.075,0.905
0,0,0,0.915,0.405,0.075,0.915
0,0,0,0.925,0.405,0.015,0.925
0,0,0,0.935,0.405,0.015,0.935
0,0,0,0.925,0.405,0.035,0.925
0,0,0,0.935,0.405,0.035,0.935
0,0,0,0.945,0.405,0.015,0.945
0,0,0,0.955,0.405,0.015,0.955
0,0,0,0.955,0.415,0.015,0.955
0,0,0,0.955,0.425,0.015,0.955
0,0,0,0.955,0.435,0.015,0.955
0,0,0,0.945,0.405,0.035,0.945
0,0,0,0.955,0.405,0.035,0.955
0,0,0,0.955,0.415,0.035,0.955
0,0,0,0.955,0.425,0.035,0.955
0,0,0,0.955,0.435,0.035,0.955
0,0,0,0.955,0.445,0.015,0.955
0,0,0,0.955,0.445,0.035,0.955
0,0,0,0.925,0.405,0.055,0.925
0,0,0,0.935,0.405,0.055,0.935
0,0,0,0.925,0.405,0.075,0.925
0,0,0,0.935,0.405,0.075,0.935
0,0,0,0.945,0.405,0.055,0.945
0,0,0,0.955,0.405,0.055,0.955
0,0,0,0.955,0.415,0.055,0.955
0,0,0,0.955,0.425,0.055,0.955
0,0,0,0.955,0.435,0.055,0.955
0,0,0,0.945,0.405,0.065,0.945
0,0,0,0.945,0.405,0.075,0.945
0,0,0,0.955,0.405,0.065,0.955
0,0,0,0.955,0.415,0.065,0.955
0,0,0,0.955,0.425,0.065,0.955
0,0,0,0.955,0.435,0.065,0.955
0,0,0,0.955,0.445,0.055,0.955
0,0,0,0.955,0.445,0.065,0.955
0,0,0,0.915,0.405,0.085,0.915
0,0,0,0.915,0.405,0.095,0.915
0,0,0,0.905,0.405,0.115,0.905
0,0,0,0.915,0.405,0.115,0.915
0,0,0,0.905,0.405,0.125,0.905
0,0,0,0.915,0.405,0.125,0.915
0,0,0,0.915,0.405,0.145,0.915
0,0,0,0.925,0.405,0.085,0.925
0,0,0,0.935,0.405,0.085,0.935
0,0,0,0.925,0.405,0.105,0.925
0,0,0,0.925,0.405,0.115,0.925
0,0,0,0.935,0.405,0.105,0.935
0,0,0,0.945,0.405,0.085,0.945
0,0,0,0.955,0.405,0.085,0.955
0,0,0,0.955,0.415,0.085,0.955
0,0,0,0.955,0.425,0.085,0.955
0,0,0,0.955,0.435,0.085,0.955
0,0,0,0.945,0.405,0.105,0.945
0,0,0,0.955,0.405,0.105,0.955
0,0,0,0.955,0.415,0.105,0.955
0,0,0,0.955,0.405,0.115,0.955
0,0,0,0.955,0.415,0.115,0.955
0,0,0,0.955,0.425,0.105,0.955
0,0,0,0.955,0.435,0.105,0.955
0,0,0,0.955,0.425,0.115,0.955
0,0,0,0.955,0.435,0.115,0.955
0,0,0,0.955,0.445,0.085,0.955
0,0,0,0.955,0.445,0.105,0.955
0,0,0,0.955,0.445,0.115,0.955
0,0,0,0.925,0.405,0.125,0.925
0,0,0,0.935,0.405,0.125,0.935
0,0,0,0.925,0.405,0.145,0.925
0,0,0,0.935,0.405,0.145,0.935
0,0,0,0.945,0.405,0.125,0.945
0,0,0,0.955,0.405,0.125,0.955
0,0,0,0.955,0.405,0.135,0.955
0,0,0,0.955,0.415,0.135,0.955
0,0,0,0.955,0.425,0.135,0.955
0,0,0,0.955,0.435,0.135,0.955
0,0,0,0.945,0.405,0.145,0.945
0,0,0,0.955,0.405,0.155,0.955
0,0,0,0.955,0.415,0.155,0.955
0,0,0,0.955,0.425,0.155,0.955
0,0,0,0.955,0.435,0.155,0.955
0,0,0,0.955,0.445,0.155,0.955
0,0,0,0.915,0.405,0.165,0.915
0,0,0,0.915,0.405,0.175,0.915
0,0,0,0.915,0.405,0.195,0.915
0,0,0,0.905,0.405,0.215,0.905
0,0,0,0.915,0.405,0.215,0.915
0,0,0,0.905,0.405,0.235,0.905
0,0,0,0.915,0.405,0.235,0.915
0,0,0,0.925,0.405,0.165,0.925
0,0,0,0.935,0.405,0.165,0.935
0,0,0,0.925,0.405,0.185,0.925
0,0,0,0.935,0.405,0.185,0.935
0,0,0,0.945,0.405,0.165,0.945
0,0,0,0.955,0.405,0.175,0.955
0,0,0,0.955,0.415,0.175,0.955
0,0,0,0.955,0.425,0.175,0.955
0,0,0,0.955,0.435,0.175,0.955
0,0,0,0.945,0.405,0.185,0.945
0,0,0,0.955,0.415,0.195,0.955
0,0,0,0.955,0.425,0.195,0.955
0,0,0,0.955,0.435,0.195,0.955
0,0,0,0.955,0.445,0.175,0.955
0,0,0,0.955,0.445,0.195,0.955
0,0,0,0.925,0.405,0.205,0.925
0,0,0,0.925,0.405,0.215,0.925
0,0,0,0.935,0.405,0.205,0.935
0,0,0,0.925,0.405,0.235,0.925
0,0,0,0.935,0.405,0.225,0.935
0,0,0,0.935,0.405,0.235,0.935
0,0,0,0.945,0.405,0.205,0.945
0,0,0,0.955,0.405,0.205,0.955
0,0,0,0.955,0.415,0.205,0.955
0,0,0,0.955,0.435,0.215,0.955
0,0,0,0.945,0.405,0.225,0.945
0,0,0,0.955,0.405,0.225,0.955
0,0,0,0.955,0.415,0.225,0.955
0,0,0,0.955,0.425,0.225,0.955
0,0,0,0.955,0.435,0.225,0.955
0,0,0,0.955,0.445,0.215,0.955
0,0,0,0.905,0.405,0.265,0.905
0,0,0,0.915,0.405,0.265,0.915
0,0,0,0.905,0.405,0.295,0.905
0,0,0,0.915,0.405,0.285,0.915
0,0,0,0.915,0.405,0.295,0.915
0,0,0,0.915,0.405,0.315,0.915
0,0,0,0.925,0.405,0.255,0.925
0,0,0,0.935,0.405,0.255,0.935
0,0,0,0.945,0.405,0.245,0.945
0,0,0,0.945,0.405,0.255,0.945
0,0,0,0.955,0.405,0.245,0.955
0,0,0,0.955,0.415,0.245,0.955
0,0,0,0.955,0.425,0.245,0.955
0,0,0,0.955,0.435,0.245,0.955
0,0,0,0.945,0.405,0.275,0.945
0,0,0,0.955,0.405,0.275,0.955
0,0,0,0.955,0.415,0.275,0.955
0,0,0,0.955,0.425,0.265,0.955
0,0,0,0.955,0.435,0.265,0.955
0,0,0,0.955,0.425,0.275,0.955
0,0,0,0.925,0.405,0.285,0.925
0,0,0,0.935,0.405,0.285,0.935
0,0,0,0.925,0.405,0.315,0.925
0,0,0,0.935,0.405,0.305,0.935
0,0,0,0.945,0.405,0.295,0.945
0,0,0,0.955,0.405,0.295,0.955
0,0,0,0.955,0.415,0.295,0.955
0,0,0,0.955,0.425,0.295,0.955
0,0,0,0.955,0.435,0.295,0.955
0,0,0,0.945,0.405,0.305,0.945
0,0,0,0.935,0.205,0.345,0.935
0,0,0,0.955,0.205,0.335,0.955
0,0,0,0.935,0.205,0.375,0.935
0,0,0,0.945,0.205,0.405,0.945
0,0,0,0.955,0.205,0.425,0.955
0,0,0,0.945,0.205,0.465,0.945
0,0,0,0.955,0.205,0.495,0.955
0,0,0,0.685,0.405,0.475,0.685
0,0,0,0.685,0.415,0.475,0.685
0,0,0,0.685,0.425,0.475,0.685
0,0,0,0.685,0.435,0.475,0.685
0,0,0,0.685,0.445,0.475,0.685
0,0,0,0.685,0.455,0.475,0.685
0,0,0,0.685,0.465,0.475,0.685
0,0,0,0.685,0.475,0.475,0.685
0,0,0,0.755,0.405,0.475,0.755
0,0,0,0.755,0.415,0.475,0.755
0,0,0,0.755,0.425,0.475,0.755
0,0,0,0.755,0.435,0.475,0.755
0,0,0,0.745,0.445,0.475,0.745
0,0,0,0.745,0.455,0.475,0.745
0,0,0,0.745,0.465,0.475,0.745
0,0,0,0.745,0.475,0.475,0.745
0,0,0,0.675,0.485,0.475,0.675
0,0,0,0.675,0.495,0.475,0.675
0,0,0,0.675,0.505,0.475,0.675
0,0,0,0.685,0.485,0.475,0.685
0,0,0,0.715,0.405,0.495,0.715
0,0,0,0.705,0.405,0.505,0.705
0,0,0,0.725,0.405,0.495,0.725
0,0,0,0.735,0.405,0.485,0.735
0,0,0,0.755,0.405,0.515,0.755
0,0,0,0.745,0.405,0.525,0.745
0,0,0,0.775,0.405,0.495,0.775
0,0,0,0.765,0.405,0.505,0.765
0,0,0,0.785,0.405,0.495,0.785
0,0,0,0.795,0.405,0.485,0.795
0,0,0,0.795,0.405,0.515,0.795
0,0,0,0.805,0.405,0.475,0.805
0,0,0,0.805,0.415,0.475,0.805
0,0,0,0.815,0.405,0.475,0.815
0,0,0,0.815,0.415,0.475,0.815
0,0,0,0.805,0.425,0.475,0.805
0,0,0,0.805,0.435,0.475,0.805
0,0,0,0.805,0.445,0.475,0.805
0,0,0,0.855,0.405,0.475,0.855
0,0,0,0.855,0.425,0.475,0.855
0,0,0,0.865,0.405,0.475,0.865
0,0,0,0.865,0.415,0.475,0.865
0,0,0,0.905,0.405,0.355,0.905
0,0,0,0.915,0.405,0.345,0.915
0,0,0,0.915,0.405,0.375,0.915
0,0,0,0.905,0.405,0.385,0.905
0,0,0,0.925,0.405,0.335,0.925
0,0,0,0.935,0.405,0.335,0.935
0,0,0,0.925,0.405,0.345,0.925
0,0,0,0.945,0.405,0.325,0.945
0,0,0,0.945,0.405,0.335,0.945
0,0,0,0.955,0.405,0.325,0.955
0,0,0,0.955,0.415,0.325,0.955
0,0,0,0.955,0.425,0.325,0.955
0,0,0,0.955,0.435,0.325,0.955
0,0,0,0.945,0.405,0.355,0.945
0,0,0,0.955,0.405,0.355,0.955
0,0,0,0.955,0.415,0.355,0.955
0,0,0,0.955,0.425,0.345,0.955
0,0,0,0.955,0.435,0.345,0.955
0,0,0,0.955,0.425,0.355,0.955
0,0,0,0.925,0.405,0.365,0.925
0,0,0,0.925,0.405,0.375,0.925
0,0,0,0.935,0.405,0.365,0.935
0,0,0,0.925,0.405,0.395,0.925
0,0,0,0.935,0.405,0.385,0.935
0,0,0,0.935,0.405,0.395,0.935
0,0,0,0.955,0.405,0.375,0.955
0,0,0,0.955,0.415,0.375,0.955
0,0,0,0.955,0.425,0.375,0.955
0,0,0,0.955,0.435,0.375,0.955
0,0,0,0.945,0.405,0.385,0.945
0,0,0,0.905,0.405,0.415,0.905
0,0,0,0.915,0.405,0.405,0.915
0,0,0,0.915,0.405,0.435,0.915
0,0,0,0.905,0.405,0.475,0.905
0,0,0,0.915,0.405,0.465,0.915
0,0,0,0.925,0.405,0.425,0.925
0,0,0,0.935,0.405,0.425,0.935
0,0,0,0.945,0.405,0.415,0.945
0,0,0,0.955,0.405,0.405,0.955
0,0,0,0.955,0.415,0.405,0.955
0,0,0,0.955,0.425,0.405,0.955
0,0,0,0.955,0.435,0.405,0.955
0,0,0,0.955,0.405,0.435,0.955
0,0,0,0.955,0.415,0.435,0.955
0,0,0,0.955,0.425,0.435,0.955
0,0,0,0.955,0.435,0.435,0.955
0,0,0,0.935,0.405,0.455,0.935
0,0,0,0.925,0.405,0.465,0.925
0,0,0,0.945,0.405,0.445,0.945
0,0,0,0.955,0.405,0.475,0.955
0,0,0,0.955,0.415,0.475,0.955
0,0,0,0.955,0.425,0.475,0.955
0,0,0,0.955,0.435,0.475,0.955
0,0,0,0.815,0.405,0.515,0.815
0,0,0,0.825,0.405,0.495,0.825
0,0,0,0.825,0.405,0.505,0.825
0,0,0,0.845,0.405,0.495,0.845
0,0,0,0.855,0.405,0.485,0.855
0,0,0,0.855,0.405,0.515,0.855
0,0,0,0.865,0.405,0.505,0.865
0,0,0,0.875,0.405,0.505,0.875
0,0,0,0.845,0.405,0.525,0.845
0,0,0,0.885,0.405,0.495,0.885
0,0,0,0.895,0.405,0.485,0.895
0,0,0,0.905,0.405,0.485,0.905
0,0,0,0.905,0.405,0.515,0.905
0,0,0,0.895,0.405,0.525,0.895
0,0,0,0.925,0.405,0.495,0.925
0,0,0,0.935,0.405,0.495,0.935
0,0,0,0.945,0.405,0.485,0.945
0,0,0,0.985,0.235,0.235,0.985
0,0,0,0.975,0.255,0.195,0.975
0,0,0,0.975,0.265,0.195,0.975
0,0,0,0.975,0.275,0.195,0.975
0,0,0,0.975,0.285,0.195,0.975
0,0,0,0.975,0.295,0.195,0.975
0,0,0,0.975,0.305,0.195,0.975
0,0,0,0.985,0.245,0.215,0.985
0,0,0,0.985,0.255,0.215,0.985
0,0,0,0.985,0.265,0.215,0.985
0,0,0,0.985,0.275,0.215,0.985
0,0,0,0.985,0.245,0.235,0.985
0,0,0,0.985,0.255,0.235,0.985
0,0,0,0.985,0.265,0.235,0.985
0,0,0,0.985,0.275,0.235,0.985
0,0,0,0.985,0.285,0.215,0.985
0,0,0,0.985,0.295,0.215,0.985
0,0,0,0.985,0.305,0.215,0.985
0,0,0,0.985,0.285,0.235,0.985
0,0,0,0.985,0.295,0.235,0.985
0,0,0,0.985,0.305,0.235,0.985
0,0,0,0.985,0.225,0.265,0.985
0,0,0,0.985,0.235,0.265,0.985
0,0,0,0.985,0.205,0.295,0.985
0,0,0,0.985,0.215,0.295,0.985
0,0,0,0.985,0.225,0.285,0.985
0,0,0,0.985,0.235,0.285,0.985
0,0,0,0.985,0.225,0.295,0.985
0,0,0,0.985,0.205,0.315,0.985
0,0,0,0.985,0.215,0.315,0.985
0,0,0,0.985,0.225,0.315,0.985
0,0,0,0.985,0.235,0.315,0.985
0,0,0,0.985,0.245,0.265,0.985
0,0,0,0.985,0.255,0.265,0.985
0,0,0,0.985,0.265,0.265,0.985
0,0,0,0.985,0.275,0.265,0.985
0,0,0,0.985,0.285,0.265,0.985
0,0,0,0.985,0.295,0.265,0.985
0,0,0,0.985,0.305,0.265,0.985
0,0,0,0.985,0.245,0.285,0.985
0,0,0,0.985,0.255,0.285,0.985
0,0,0,0.985,0.265,0.285,0.985
0,0,0,0.985,0.275,0.285,0.985
0,0,0,0.985,0.245,0.315,0.985
0,0,0,0.985,0.255,0.315,0.985
0,0,0,0.985,0.265,0.315,0.985
0,0,0,0.985,0.275,0.315,0.985
0,0,0,0.985,0.285,0.285,0.985
0,0,0,0.985,0.295,0.285,0.985
0,0,0,0.985,0.285,0.315,0.985
0,0,0,0.985,0.295,0.315,0.985
0,0,0,1.245,0.625,0.005,1.245
0,0,0,1.245,0.625,0.015,1.245
0,0,0,1.255,0.625,0.005,1.255
0,0,0,1.255,0.635,0.005,1.255
0,0,0,1.255,0.625,0.015,1.255
0,0,0,1.255,0.635,0.015,1.255
0,0,0,1.245,0.625,0.025,1.245
0,0,0,1.255,0.625,0.025,1.255
0,0,0,1.255,0.635,0.025,1.255
0,0,0,0.975,0.205,0.325,0.975
0,0,0,0.975,0.205,0.355,0.975
0,0,0,0.985,0.205,0.325,0.985
0,0,0,0.985,0.205,0.345,0.985
0,0,0,0.985,0.215,0.345,0.985
0,0,0,0.985,0.225,0.345,0.985
0,0,0,0.985,0.235,0.345,0.985
0,0,0,0.965,0.205,0.365,0.965
0,0,0,0.965,0.205,0.385,0.965
0,0,0,0.985,0.205,0.375,0.985
0,0,0,0.985,0.215,0.375,0.985
0,0,0,0.985,0.225,0.375,0.985
0,0,0,0.985,0.235,0.375,0.985
0,0,0,0.985,0.225,0.395,0.985
0,0,0,0.985,0.235,0.395,0.985
0,0,0,0.985,0.245,0.345,0.985
0,0,0,0.985,0.255,0.345,0.985
0,0,0,0.985,0.265,0.345,0.985
0,0,0,0.985,0.275,0.345,0.985
0,0,0,0.985,0.285,0.335,0.985
0,0,0,0.985,0.295,0.335,0.985
0,0,0,0.985,0.285,0.345,0.985
0,0,0,0.985,0.245,0.365,0.985
0,0,0,0.985,0.255,0.365,0.985
0,0,0,0.985,0.245,0.375,0.985
0,0,0,0.985,0.265,0.365,0.985
0,0,0,0.985,0.275,0.365,0.985
0,0,0,0.985,0.245,0.395,0.985
0,0,0,0.985,0.255,0.395,0.985
0,0,0,0.985,0.265,0.395,0.985
0,0,0,0.985,0.275,0.395,0.985
0,0,0,0.985,0.285,0.365,0.985
0,0,0,0.985,0.295,0.365,0.985
0,0,0,0.985,0.285,0.395,0.985
0,0,0,0.985,0.295,0.395,0.985
0,0,0,0.975,0.205,0.415,0.975
0,0,0,0.985,0.205,0.405,0.985
0,0,0,0.985,0.215,0.405,0.985
0,0,0,0.985,0.225,0.405,0.985
0,0,0,0.985,0.205,0.435,0.985
0,0,0,0.985,0.215,0.435,0.985
0,0,0,0.985,0.235,0.425,0.985
0,0,0,0.985,0.225,0.435,0.985
0,0,0,0.965,0.205,0.455,0.965
0,0,0,0.975,0.205,0.475,0.975
0,0,0,0.985,0.205,0.465,0.985
0,0,0,0.985,0.215,0.465,0.985
0,0,0,0.985,0.225,0.465,0.985
0,0,0,0.985,0.235,0.465,0.985
0,0,0,0.985,0.245,0.425,0.985
0,0,0,0.985,0.255,0.425,0.985
0,0,0,0.985,0.265,0.425,0.985
0,0,0,0.985,0.275,0.425,0.985
0,0,0,0.985,0.285,0.425,0.985
0,0,0,0.985,0.295,0.425,0.985
0,0,0,0.985,0.305,0.425,0.985
0,0,0,0.985,0.265,0.455,0.985
0,0,0,0.985,0.275,0.455,0.985
0,0,0,0.985,0.245,0.465,0.985
0,0,0,0.985,0.255,0.465,0.985
0,0,0,0.985,0.265,0.465,0.985
0,0,0,0.985,0.285,0.455,0.985
0,0,0,0.985,0.295,0.455,0.985
0,0,0,0.985,0.305,0.455,0.985
0,0,0,0.985,0.215,0.495,0.985
0,0,0,0.985,0.225,0.495,0.985
0,0,0,0.985,0.235,0.495,0.985
0,0,0,0.985,0.245,0.495,0.985
0,0,0,0.985,0.255,0.495,0.985
0,0,0,0.985,0.265,0.495,0.985
0,0,0,0.985,0.275,0.495,0.985
0,0,0,0.985,0.295,0.485,0.985
0,0,0,0.985,0.285,0.495,0.985
0,0,0,1.255,0.645,0.005,1.255
0,0,0,1.255,0.655,0.005,1.255
0,0,0,1.255,0.645,0.015,1.255
0,0,0,1.255,0.655,0.015,1.255
0,0,0,1.255,0.665,0.005,1.255
0,0,0,1.255,0.665,0.015,1.255
0,0,0,1.255,0.675,0.015,1.255
0,0,0,1.255,0.645,0.025,1.255
0,0,0,1.255,0.655,0.025,1.255
0,0,0,1.255,0.665,0.025,1.255
0,0,0,1.255,0.675,0.025,1.255
0,0,0,1.285,0.255,0.115,1.285
0,0,0,1.295,0.255,0.125,1.295
0,0,0,1.295,0.255,0.135,1.295
0,0,0,1.285,0.255,0.145,1.285
0,0,0,1.295,0.255,0.145,1.295
0,0,0,1.295,0.255,0.155,1.295
0,0,0,1.305,0.255,0.135,1.305
0,0,0,1.305,0.255,0.145,1.305
0,0,0,1.305,0.255,0.155,1.305
0,0,0,1.315,0.255,0.155,1.315
0,0,0,1.335,0.315,0.095,1.335
0,0,0,1.335,0.315,0.105,1.335
0,0,0,1.335,0.305,0.115,1.335
0,0,0,1.335,0.315,0.115,1.335
0,0,0,1.335,0.295,0.135,1.335
0,0,0,1.335,0.305,0.125,1.335
0,0,0,1.335,0.315,0.125,1.335
0,0,0,1.335,0.305,0.135,1.335
0,0,0,1.335,0.315,0.135,1.335
0,0,0,1.335,0.285,0.145,1.335
0,0,0,1.335,0.295,0.145,1.335
0,0,0,1.335,0.285,0.155,1.335
0,0,0,1.335,0.295,0.155,1.335
0,0,0,1.335,0.305,0.145,1.335
0,0,0,1.335,0.315,0.145,1.335
0,0,0,1.335,0.305,0.155,1.335
0,0,0,1.335,0.315,0.155,1.335
0,0,0,1.285,0.255,0.165,1.285
0,0,0,1.295,0.255,0.165,1.295
0,0,0,1.295,0.255,0.175,1.295
0,0,0,1.285,0.255,0.185,1.285
0,0,0,1.285,0.255,0.195,1.285
0,0,0,1.295,0.255,0.185,1.295
0,0,0,1.295,0.255,0.195,1.295
0,0,0,1.305,0.255,0.165,1.305
0,0,0,1.305,0.255,0.175,1.305
0,0,0,1.315,0.255,0.165,1.315
0,0,0,1.315,0.255,0.175,1.315
0,0,0,1.305,0.255,0.185,1.305
0,0,0,1.305,0.255,0.195,1.305
0,0,0,1.315,0.255,0.185,1.315
0,0,0,1.315,0.255,0.195,1.315
0,0,0,1.285,0.255,0.205,1.285
0,0,0,1.295,0.255,0.205,1.295
0,0,0,1.295,0.255,0.215,1.295
0,0,0,1.295,0.255,0.225,1.295
0,0,0,1.295,0.255,0.235,1.295
0,0,0,1.305,0.255,0.205,1.305
0,0,0,1.305,0.255,0.215,1.305
0,0,0,1.315,0.255,0.205,1.315
0,0,0,1.315,0.255,0.215,1.315
0,0,0,1.305,0.255,0.225,1.305
0,0,0,1.305,0.255,0.235,1.305
0,0,0,1.315,0.255,0.225,1.315
0,0,0,1.315,0.255,0.235,1.315
0,0,0,1.325,0.255,0.165,1.325
0,0,0,1.325,0.255,0.175,1.325
0,0,0,1.335,0.255,0.175,1.335
0,0,0,1.335,0.265,0.165,1.335
0,0,0,1.335,0.275,0.165,1.335
0,0,0,1.335,0.265,0.175,1.335
0,0,0,1.335,0.275,0.175,1.335
0,0,0,1.325,0.255,0.185,1.325
0,0,0,1.325,0.255,0.195,1.325
0,0,0,1.335,0.255,0.185,1.335
0,0,0,1.335,0.255,0.195,1.335
0,0,0,1.335,0.275,0.185,1.335
0,0,0,1.335,0.265,0.195,1.335
0,0,0,1.335,0.285,0.165,1.335
0,0,0,1.335,0.295,0.165,1.335
0,0,0,1.335,0.285,0.175,1.335
0,0,0,1.335,0.295,0.175,1.335
0,0,0,1.335,0.305,0.165,1.335
0,0,0,1.335,0.315,0.165,1.335
0,0,0,1.335,0.305,0.175,1.335
0,0,0,1.335,0.315,0.175,1.335
0,0,0,1.335,0.285,0.185,1.335
0,0,0,1.335,0.295,0.185,1.335
0,0,0,1.335,0.295,0.195,1.335
0,0,0,1.335,0.305,0.185,1.335
0,0,0,1.335,0.315,0.185,1.335
0,0,0,1.335,0.305,0.195,1.335
0,0,0,1.335,0.315,0.195,1.335
0,0,0,1.325,0.255,0.205,1.325
0,0,0,1.325,0.255,0.215,1.325
0,0,0,1.335,0.255,0.205,1.335
0,0,0,1.335,0.255,0.215,1.335
0,0,0,1.335,0.265,0.205,1.335
0,0,0,1.335,0.275,0.205,1.335
0,0,0,1.335,0.265,0.215,1.335
0,0,0,1.335,0.275,0.215,1.335
0,0,0,1.325,0.255,0.225,1.325
0,0,0,1.325,0.255,0.235,1.325
0,0,0,1.335,0.255,0.225,1.335
0,0,0,1.335,0.255,0.235,1.335
0,0,0,1.335,0.265,0.225,1.335
0,0,0,1.335,0.265,0.235,1.335
0,0,0,1.335,0.275,0.235,1.335
0,0,0,1.335,0.285,0.205,1.335
0,0,0,1.335,0.295,0.205,1.335
0,0,0,1.335,0.285,0.215,1.335
0,0,0,1.335,0.295,0.215,1.335
0,0,0,1.335,0.305,0.215,1.335
0,0,0,1.335,0.315,0.215,1.335
0,0,0,1.335,0.285,0.235,1.335
0,0,0,1.335,0.295,0.235,1.335
0,0,0,1.335,0.305,0.225,1.335
0,0,0,1.335,0.315,0.225,1.335
0,0,0,1.335,0.305,0.235,1.335
0,0,0,1.285,0.255,0.245,1.285
0,0,0,1.295,0.255,0.245,1.295
0,0,0,1.295,0.255,0.255,1.295
0,0,0,1.295,0.255,0.265,1.295
0,0,0,1.295,0.255,0.275,1.295
0,0,0,1.305,0.255,0.245,1.305
0,0,0,1.305,0.255,0.255,1.305
0,0,0,1.315,0.255,0.245,1.315
0,0,0,1.315,0.255,0.255,1.315
0,0,0,1.305,0.255,0.265,1.305
0,0,0,1.305,0.255,0.275,1.305
0,0,0,1.315,0.255,0.265,1.315
0,0,0,1.315,0.255,0.275,1.315
0,0,0,1.295,0.255,0.285,1.295
0,0,0,1.295,0.255,0.295,1.295
0,0,0,1.295,0.255,0.305,1.295
0,0,0,1.295,0.255,0.315,1.295
0,0,0,1.305,0.255,0.285,1.305
0,0,0,1.305,0.255,0.295,1.305
0,0,0,1.315,0.255,0.285,1.315
0,0,0,1.315,0.255,0.295,1.315
0,0,0,1.305,0.255,0.305,1.305
0,0,0,1.305,0.255,0.315,1.305
0,0,0,1.315,0.255,0.305,1.315
0,0,0,1.315,0.255,0.315,1.315
0,0,0,1.325,0.255,0.245,1.325
0,0,0,1.325,0.255,0.255,1.325
0,0,0,1.335,0.255,0.245,1.335
0,0,0,1.335,0.255,0.255,1.335
0,0,0,1.335,0.265,0.255,1.335
0,0,0,1.335,0.275,0.255,1.335
0,0,0,1.325,0.255,0.265,1.325
0,0,0,1.325,0.255,0.275,1.325
0,0,0,1.335,0.255,0.265,1.335
0,0,0,1.335,0.255,0.275,1.335
0,0,0,1.335,0.265,0.275,1.335
0,0,0,1.335,0.275,0.275,1.335
0,0,0,1.335,0.285,0.245,1.335
0,0,0,1.335,0.295,0.245,1.335
0,0,0,1.335,0.285,0.255,1.335
0,0,0,1.335,0.305,0.245,1.335
0,0,0,1.335,0.315,0.245,1.335
0,0,0,1.335,0.285,0.265,1.335
0,0,0,1.335,0.295,0.265,1.335
0,0,0,1.335,0.285,0.275,1.335
0,0,0,1.335,0.305,0.265,1.335
0,0,0,1.335,0.315,0.265,1.335
0,0,0,1.325,0.255,0.285,1.325
0,0,0,1.325,0.255,0.295,1.325
0,0,0,1.335,0.255,0.285,1.335
0,0,0,1.335,0.255,0.295,1.335
0,0,0,1.335,0.265,0.295,1.335
0,0,0,1.335,0.275,0.295,1.335
0,0,0,1.325,0.255,0.305,1.325
0,0,0,1.325,0.255,0.315,1.325
0,0,0,1.335,0.255,0.305,1.335
0,0,0,1.335,0.275,0.315,1.335
0,0,0,1.335,0.295,0.285,1.335
0,0,0,1.335,0.285,0.295,1.335
0,0,0,1.335,0.295,0.295,1.335
0,0,0,1.335,0.305,0.285,1.335
0,0,0,1.335,0.315,0.285,1.335
0,0,0,1.335,0.285,0.315,1.335
0,0,0,1.335,0.295,0.315,1.335
0,0,0,1.335,0.315,0.305,1.335
0,0,0,1.335,0.305,0.315,1.335
0,0,0,1.335,0.315,0.315,1.335
0,0,0,1.335,0.335,0.005,1.335
0,0,0,1.335,0.335,0.015,1.335
0,0,0,1.335,0.345,0.005,1.335
0,0,0,1.335,0.355,0.005,1.335
0,0,0,1.335,0.345,0.015,1.335
0,0,0,1.335,0.355,0.015,1.335
0,0,0,1.335,0.335,0.025,1.335
0,0,0,1.335,0.335,0.035,1.335
0,0,0,1.335,0.345,0.025,1.335
0,0,0,1.335,0.355,0.025,1.335
0,0,0,1.335,0.345,0.035,1.335
0,0,0,1.335,0.355,0.035,1.335
0,0,0,1.335,0.365,0.005,1.335
0,0,0,1.335,0.375,0.005,1.335
0,0,0,1.335,0.365,0.015,1.335
0,0,0,1.335,0.375,0.015,1.335
0,0,0,1.335,0.385,0.005,1.335
0,0,0,1.335,0.395,0.005,1.335
0,0,0,1.335,0.385,0.015,1.335
0,0,0,1.335,0.395,0.015,1.335
0,0,0,1.335,0.365,0.025,1.335
0,0,0,1.335,0.375,0.025,1.335
0,0,0,1.335,0.365,0.035,1.335
0,0,0,1.335,0.375,0.035,1.335
0,0,0,1.335,0.385,0.025,1.335
0,0,0,1.335,0.395,0.025,1.335
0,0,0,1.335,0.385,0.035,1.335
0,0,0,1.335,0.395,0.035,1.335
0,0,0,1.335,0.335,0.045,1.335
0,0,0,1.335,0.335,0.055,1.335
0,0,0,1.335,0.345,0.045,1.335
0,0,0,1.335,0.355,0.045,1.335
0,0,0,1.335,0.345,0.055,1.335
0,0,0,1.335,0.355,0.055,1.335
0,0,0,1.335,0.325,0.065,1.335
0,0,0,1.335,0.335,0.065,1.335
0,0,0,1.335,0.325,0.075,1.335
0,0,0,1.335,0.335,0.075,1.335
0,0,0,1.335,0.345,0.065,1.335
0,0,0,1.335,0.355,0.065,1.335
0,0,0,1.335,0.345,0.075,1.335
0,0,0,1.335,0.355,0.075,1.335
0,0,0,1.335,0.365,0.045,1.335
0,0,0,1.335,0.375,0.045,1.335
0,0,0,1.335,0.365,0.055,1.335
0,0,0,1.335,0.375,0.055,1.335
0,0,0,1.335,0.385,0.045,1.335
0,0,0,1.335,0.395,0.045,1.335
0,0,0,1.335,0.385,0.055,1.335
0,0,0,1.335,0.395,0.055,1.335
0,0,0,1.335,0.365,0.065,1.335
0,0,0,1.335,0.375,0.065,1.335
0,0,0,1.335,0.365,0.075,1.335
0,0,0,1.335,0.375,0.075,1.335
0,0,0,1.335,0.385,0.065,1.335
0,0,0,1.335,0.395,0.065,1.335
0,0,0,1.335,0.385,0.075,1.335
0,0,0,1.335,0.395,0.075,1.335
0,0,0,1.335,0.405,0.005,1.335
0,0,0,1.335,0.415,0.005,1.335
0,0,0,1.335,0.405,0.015,1.335
0,0,0,1.335,0.415,0.015,1.335
0,0,0,1.335,0.425,0.005,1.335
0,0,0,1.335,0.435,0.005,1.335
0,0,0,1.335,0.425,0.015,1.335
0,0,0,1.335,0.435,0.015,1.335
0,0,0,1.335,0.405,0.025,1.335
0,0,0,1.335,0.415,0.025,1.335
0,0,0,1.335,0.405,0.035,1.335
0,0,0,1.335,0.415,0.035,1.335
0,0,0,1.335,0.425,0.025,1.335
0,0,0,1.335,0.435,0.025,1.335
0,0,0,1.335,0.425,0.035,1.335
0,0,0,1.335,0.435,0.035,1.335
0,0,0,1.335,0.445,0.005,1.335
0,0,0,1.335,0.445,0.015,1.335
0,0,0,1.335,0.445,0.025,1.335
0,0,0,1.335,0.455,0.025,1.335
0,0,0,1.335,0.445,0.035,1.335
0,0,0,1.335,0.455,0.035,1.335
0,0,0,1.335,0.405,0.045,1.335
0,0,0,1.335,0.415,0.045,1.335
0,0,0,1.335,0.405,0.055,1.335
0,0,0,1.335,0.415,0.055,1.335
0,0,0,1.335,0.425,0.045,1.335
0,0,0,1.335,0.435,0.045,1.335
0,0,0,1.335,0.425,0.055,1.335
0,0,0,1.335,0.435,0.055,1.335
0,0,0,1.335,0.405,0.065,1.335
0,0,0,1.335,0.415,0.065,1.335
0,0,0,1.335,0.405,0.075,1.335
0,0,0,1.335,0.415,0.075,1.335
0,0,0,1.335,0.425,0.065,1.335
0,0,0,1.335,0.435,0.065,1.335
0,0,0,1.335,0.425,0.075,1.335
0,0,0,1.335,0.435,0.075,1.335
0,0,0,1.335,0.445,0.045,1.335
0,0,0,1.335,0.445,0.055,1.335
0,0,0,1.335,0.445,0.065,1.335
0,0,0,1.335,0.445,0.075,1.335
0,0,0,1.335,0.325,0.085,1.335
0,0,0,1.335,0.335,0.085,1.335
0,0,0,1.335,0.325,0.095,1.335
0,0,0,1.335,0.335,0.095,1.335
0,0,0,1.335,0.345,0.085,1.335
0,0,0,1.335,0.355,0.085,1.335
0,0,0,1.335,0.345,0.095,1.335
0,0,0,1.335,0.355,0.095,1.335
0,0,0,1.335,0.325,0.105,1.335
0,0,0,1.335,0.335,0.105,1.335
0,0,0,1.335,0.325,0.115,1.335
0,0,0,1.335,0.335,0.115,1.335
0,0,0,1.335,0.345,0.105,1.335
0,0,0,1.335,0.355,0.105,1.335
0,0,0,1.335,0.345,0.115,1.335
0,0,0,1.335,0.355,0.115,1.335
0,0,0,1.335,0.365,0.085,1.335
0,0,0,1.335,0.375,0.085,1.335
0,0,0,1.335,0.365,0.095,1.335
0,0,0,1.335,0.375,0.095,1.335
0,0,0,1.335,0.385,0.085,1.335
0,0,0,1.335,0.395,0.085,1.335
0,0,0,1.335,0.385,0.095,1.335
0,0,0,1.335,0.395,0.095,1.335
0,0,0,1.335,0.365,0.105,1.335
0,0,0,1.335,0.375,0.105,1.335
0,0,0,1.335,0.365,0.115,1.335
0,0,0,1.335,0.375,0.115,1.335
0,0,0,1.335,0.385,0.105,1.335
0,0,0,1.335,0.395,0.105,1.335
0,0,0,1.335,0.385,0.115,1.335
0,0,0,1.335,0.395,0.115,1.335
0,0,0,1.335,0.325,0.125,1.335
0,0,0,1.335,0.335,0.125,1.335
0,0,0,1.335,0.325,0.135,1.335
0,0,0,1.335,0.335,0.135,1.335
0,0,0,1.335,0.345,0.125,1.335
0,0,0,1.335,0.355,0.125,1.335
0,0,0,1.335,0.345,0.135,1.335
0,0,0,1.335,0.355,0.135,1.335
0,0,0,1.335,0.325,0.145,1.335
0,0,0,1.335,0.335,0.145,1.335
0,0,0,1.335,0.325,0.155,1.335
0,0,0,1.335,0.335,0.155,1.335
0,0,0,1.335,0.345,0.145,1.335
0,0,0,1.335,0.355,0.145,1.335
0,0,0,1.335,0.345,0.155,1.335
0,0,0,1.335,0.355,0.155,1.335
0,0,0,1.335,0.365,0.125,1.335
0,0,0,1.335,0.375,0.125,1.335
0,0,0,1.335,0.365,0.135,1.335
0,0,0,1.335,0.375,0.135,1.335
0,0,0,1.335,0.385,0.125,1.335
0,0,0,1.335,0.395,0.125,1.335
0,0,0,1.335,0.385,0.135,1.335
0,0,0,1.335,0.395,0.135,1.335
0,0,0,1.335,0.365,0.145,1.335
0,0,0,1.335,0.375,0.145,1.335
0,0,0,1.335,0.365,0.155,1.335
0,0,0,1.335,0.375,0.155,1.335
0,0,0,1.335,0.385,0.145,1.335
0,0,0,1.335,0.395,0.145,1.335
0,0,0,1.335,0.385,0.155,1.335
0,0,0,1.335,0.395,0.155,1.335
0,0,0,1.335,0.405,0.085,1.335
0,0,0,1.335,0.415,0.085,1.335
0,0,0,1.335,0.405,0.095,1.335
0,0,0,1.335,0.415,0.095,1.335
0,0,0,1.335,0.425,0.085,1.335
0,0,0,1.335,0.435,0.085,1.335
0,0,0,1.335,0.425,0.095,1.335
0,0,0,1.335,0.435,0.095,1.335
0,0,0,1.335,0.405,0.105,1.335
0,0,0,1.335,0.415,0.105,1.335
0,0,0,1.335,0.405,0.115,1.335
0,0,0,1.335,0.415,0.115,1.335
0,0,0,1.335,0.425,0.105,1.335
0,0,0,1.335,0.435,0.105,1.335
0,0,0,1.335,0.425,0.115,1.335
0,0,0,1.335,0.435,0.115,1.335
0,0,0,1.335,0.445,0.085,1.335
0,0,0,1.335,0.445,0.095,1.335
0,0,0,1.335,0.445,0.105,1.335
0,0,0,1.335,0.455,0.105,1.335
0,0,0,1.335,0.445,0.115,1.335
0,0,0,1.335,0.405,0.125,1.335
0,0,0,1.335,0.415,0.125,1.335
0,0,0,1.335,0.405,0.135,1.335
0,0,0,1.335,0.415,0.135,1.335
0,0,0,1.335,0.425,0.125,1.335
0,0,0,1.335,0.435,0.125,1.335
0,0,0,1.335,0.425,0.135,1.335
0,0,0,1.335,0.435,0.135,1.335
0,0,0,1.335,0.405,0.145,1.335
0,0,0,1.335,0.415,0.145,1.335
0,0,0,1.335,0.405,0.155,1.335
0,0,0,1.335,0.415,0.155,1.335
0,0,0,1.335,0.425,0.145,1.335
0,0,0,1.335,0.435,0.145,1.335
0,0,0,1.335,0.425,0.155,1.335
0,0,0,1.335,0.435,0.155,1.335
0,0,0,1.335,0.445,0.125,1.335
0,0,0,1.335,0.445,0.135,1.335
0,0,0,1.335,0.445,0.145,1.335
0,0,0,1.335,0.445,0.155,1.335
0,0,0,1.335,0.325,0.165,1.335
0,0,0,1.335,0.335,0.165,1.335
0,0,0,1.335,0.325,0.175,1.335
0,0,0,1.335,0.345,0.165,1.335
0,0,0,1.335,0.355,0.165,1.335
0,0,0,1.335,0.345,0.175,1.335
0,0,0,1.335,0.355,0.175,1.335
0,0,0,1.335,0.325,0.185,1.335
0,0,0,1.335,0.335,0.185,1.335
0,0,0,1.335,0.325,0.195,1.335
0,0,0,1.335,0.335,0.195,1.335
0,0,0,1.335,0.345,0.185,1.335
0,0,0,1.335,0.345,0.195,1.335
0,0,0,1.335,0.355,0.195,1.335
0,0,0,1.335,0.365,0.165,1.335
0,0,0,1.335,0.375,0.165,1.335
0,0,0,1.335,0.365,0.175,1.335
0,0,0,1.335,0.375,0.175,1.335
0,0,0,1.335,0.385,0.165,1.335
0,0,0,1.335,0.395,0.165,1.335
0,0,0,1.335,0.385,0.175,1.335
0,0,0,1.335,0.395,0.175,1.335
0,0,0,1.335,0.365,0.185,1.335
0,0,0,1.335,0.375,0.185,1.335
0,0,0,1.335,0.365,0.195,1.335
0,0,0,1.335,0.385,0.185,1.335
0,0,0,1.335,0.395,0.185,1.335
0,0,0,1.335,0.395,0.195,1.335
0,0,0,1.335,0.335,0.205,1.335
0,0,0,1.335,0.325,0.215,1.335
0,0,0,1.335,0.335,0.215,1.335
0,0,0,1.335,0.345,0.205,1.335
0,0,0,1.335,0.355,0.205,1.335
0,0,0,1.335,0.325,0.225,1.335
0,0,0,1.335,0.335,0.225,1.335
0,0,0,1.335,0.345,0.225,1.335
0,0,0,1.335,0.355,0.225,1.335
0,0,0,1.335,0.345,0.235,1.335
0,0,0,1.335,0.355,0.235,1.335
0,0,0,1.335,0.365,0.205,1.335
0,0,0,1.335,0.375,0.205,1.335
0,0,0,1.335,0.365,0.215,1.335
0,0,0,1.335,0.375,0.215,1.335
0,0,0,1.335,0.385,0.205,1.335
0,0,0,1.335,0.395,0.205,1.335
0,0,0,1.335,0.385,0.215,1.335
0,0,0,1.335,0.395,0.215,1.335
0,0,0,1.335,0.365,0.225,1.335
0,0,0,1.335,0.365,0.235,1.335
0,0,0,1.335,0.375,0.235,1.335
0,0,0,1.335,0.385,0.235,1.335
0,0,0,1.335,0.395,0.235,1.335
0,0,0,1.335,0.405,0.165,1.335
0,0,0,1.335,0.415,0.165,1.335
0,0,0,1.335,0.405,0.175,1.335
0,0,0,1.335,0.415,0.175,1.335
0,0,0,1.335,0.425,0.165,1.335
0,0,0,1.335,0.435,0.165,1.335
0,0,0,1.335,0.425,0.175,1.335
0,0,0,1.335,0.405,0.185,1.335
0,0,0,1.335,0.415,0.185,1.335
0,0,0,1.335,0.405,0.195,1.335
0,0,0,1.335,0.415,0.195,1.335
0,0,0,1.335,0.425,0.185,1.335
0,0,0,1.335,0.435,0.185,1.335
0,0,0,1.335,0.425,0.195,1.335
0,0,0,1.335,0.435,0.195,1.335
0,0,0,1.335,0.445,0.165,1.335
0,0,0,1.335,0.445,0.175,1.335
0,0,0,1.335,0.445,0.195,1.335
0,0,0,1.335,0.405,0.215,1.335
0,0,0,1.335,0.415,0.215,1.335
0,0,0,1.335,0.425,0.205,1.335
0,0,0,1.335,0.435,0.205,1.335
0,0,0,1.335,0.425,0.215,1.335
0,0,0,1.335,0.405,0.225,1.335
0,0,0,1.335,0.415,0.225,1.335
0,0,0,1.335,0.425,0.225,1.335
0,0,0,1.335,0.435,0.225,1.335
0,0,0,1.335,0.445,0.205,1.335
0,0,0,1.335,0.445,0.225,1.335
0,0,0,1.335,0.445,0.235,1.335
0,0,0,1.335,0.325,0.245,1.335
0,0,0,1.335,0.335,0.245,1.335
0,0,0,1.335,0.335,0.255,1.335
0,0,0,1.335,0.345,0.245,1.335
0,0,0,1.335,0.345,0.255,1.335
0,0,0,1.335,0.355,0.255,1.335
0,0,0,1.335,0.325,0.265,1.335
0,0,0,1.335,0.335,0.265,1.335
0,0,0,1.335,0.345,0.275,1.335
0,0,0,1.335,0.355,0.275,1.335
0,0,0,1.335,0.365,0.255,1.335
0,0,0,1.335,0.375,0.255,1.335
0,0,0,1.335,0.395,0.245,1.335
0,0,0,1.335,0.385,0.255,1.335
0,0,0,1.335,0.365,0.275,1.335
0,0,0,1.335,0.375,0.275,1.335
0,0,0,1.335,0.395,0.265,1.335
0,0,0,1.335,0.385,0.275,1.335
0,0,0,1.335,0.395,0.275,1.335
0,0,0,1.335,0.325,0.285,1.335
0,0,0,1.335,0.335,0.285,1.335
0,0,0,1.335,0.345,0.285,1.335
0,0,0,1.335,0.325,0.305,1.335
0,0,0,1.335,0.335,0.305,1.335
0,0,0,1.335,0.345,0.305,1.335
0,0,0,1.335,0.355,0.305,1.335
0,0,0,1.335,0.365,0.295,1.335
0,0,0,1.335,0.375,0.295,1.335
0,0,0,1.335,0.385,0.295,1.335
0,0,0,1.335,0.395,0.295,1.335
0,0,0,1.335,0.365,0.305,1.335
0,0,0,1.335,0.395,0.315,1.335
0,0,0,1.335,0.405,0.245,1.335
0,0,0,1.335,0.415,0.245,1.335
0,0,0,1.335,0.425,0.245,1.335
0,0,0,1.335,0.435,0.245,1.335
0,0,0,1.335,0.405,0.265,1.335
0,0,0,1.335,0.415,0.265,1.335
0,0,0,1.335,0.425,0.265,1.335
0,0,0,1.335,0.435,0.265,1.335
0,0,0,1.335,0.445,0.245,1.335
0,0,0,1.335,0.445,0.255,1.335
0,0,0,1.335,0.445,0.265,1.335
0,0,0,1.335,0.405,0.285,1.335
0,0,0,1.335,0.415,0.285,1.335
0,0,0,1.335,0.405,0.295,1.335
0,0,0,1.335,0.425,0.285,1.335
0,0,0,1.335,0.435,0.285,1.335
0,0,0,1.335,0.405,0.315,1.335
0,0,0,1.335,0.415,0.315,1.335
0,0,0,1.335,0.435,0.305,1.335
0,0,0,1.335,0.425,0.315,1.335
0,0,0,1.335,0.435,0.315,1.335
0,0,0,1.335,0.445,0.285,1.335
0,0,0,1.335,0.445,0.305,1.335
0,0,0,1.295,0.255,0.335,1.295
0,0,0,1.285,0.255,0.345,1.285
0,0,0,1.295,0.255,0.345,1.295
0,0,0,1.295,0.255,0.355,1.295
0,0,0,1.305,0.255,0.325,1.305
0,0,0,1.305,0.255,0.335,1.305
0,0,0,1.315,0.255,0.335,1.315
0,0,0,1.305,0.255,0.345,1.305
0,0,0,1.305,0.255,0.355,1.305
0,0,0,1.315,0.255,0.355,1.315
0,0,0,1.285,0.255,0.375,1.285
0,0,0,1.295,0.255,0.365,1.295
0,0,0,1.295,0.255,0.375,1.295
0,0,0,1.295,0.255,0.395,1.295
0,0,0,1.305,0.255,0.375,1.305
0,0,0,1.315,0.255,0.365,1.315
0,0,0,1.305,0.255,0.385,1.305
0,0,0,1.315,0.255,0.395,1.315
0,0,0,1.325,0.255,0.325,1.325
0,0,0,1.335,0.255,0.325,1.335
0,0,0,1.335,0.255,0.335,1.335
0,0,0,1.335,0.265,0.325,1.335
0,0,0,1.335,0.275,0.325,1.335
0,0,0,1.325,0.255,0.345,1.325
0,0,0,1.325,0.255,0.355,1.325
0,0,0,1.335,0.255,0.355,1.335
0,0,0,1.335,0.275,0.345,1.335
0,0,0,1.335,0.265,0.355,1.335
0,0,0,1.335,0.275,0.355,1.335
0,0,0,1.335,0.315,0.335,1.335
0,0,0,1.335,0.285,0.345,1.335
0,0,0,1.335,0.295,0.345,1.335
0,0,0,1.335,0.305,0.345,1.335
0,0,0,1.335,0.315,0.345,1.335
0,0,0,1.325,0.255,0.375,1.325
0,0,0,1.335,0.255,0.365,1.335
0,0,0,1.325,0.255,0.385,1.325
0,0,0,1.335,0.255,0.385,1.335
0,0,0,1.335,0.255,0.395,1.335
0,0,0,1.335,0.265,0.385,1.335
0,0,0,1.335,0.275,0.385,1.335
0,0,0,1.335,0.295,0.375,1.335
0,0,0,1.335,0.305,0.375,1.335
0,0,0,1.335,0.315,0.375,1.335
0,0,0,1.335,0.285,0.385,1.335
0,0,0,1.335,0.295,0.385,1.335
0,0,0,1.295,0.255,0.405,1.295
0,0,0,1.295,0.255,0.435,1.295
0,0,0,1.305,0.255,0.415,1.305
0,0,0,1.315,0.255,0.405,1.315
0,0,0,1.305,0.255,0.425,1.305
0,0,0,1.315,0.255,0.435,1.315
0,0,0,1.295,0.255,0.475,1.295
0,0,0,1.305,0.255,0.445,1.305
0,0,0,1.305,0.255,0.455,1.305
0,0,0,1.315,0.255,0.445,1.315
0,0,0,1.305,0.255,0.465,1.305
0,0,0,1.325,0.255,0.415,1.325
0,0,0,1.335,0.255,0.405,1.335
0,0,0,1.325,0.255,0.425,1.325
0,0,0,1.335,0.255,0.425,1.335
0,0,0,1.335,0.255,0.435,1.335
0,0,0,1.335,0.265,0.425,1.335
0,0,0,1.335,0.275,0.425,1.335
0,0,0,1.335,0.295,0.415,1.335
0,0,0,1.335,0.305,0.415,1.335
0,0,0,1.335,0.315,0.415,1.335
0,0,0,1.335,0.285,0.425,1.335
0,0,0,1.325,0.255,0.455,1.325
0,0,0,1.335,0.255,0.445,1.335
0,0,0,1.325,0.255,0.465,1.325
0,0,0,1.325,0.255,0.475,1.325
0,0,0,1.335,0.255,0.475,1.335
0,0,0,1.335,0.265,0.475,1.335
0,0,0,1.335,0.275,0.475,1.335
0,0,0,1.335,0.315,0.455,1.335
0,0,0,1.335,0.285,0.465,1.335
0,0,0,1.335,0.295,0.465,1.335
0,0,0,1.335,0.305,0.465,1.335
0,0,0,1.285,0.255,0.485,1.285
0,0,0,1.295,0.255,0.485,1.295
0,0,0,1.305,0.255,0.495,1.305
0,0,0,1.315,0.255,0.485,1.315
0,0,0,1.335,0.255,0.485,1.335
0,0,0,1.335,0.255,0.495,1.335
0,0,0,1.335,0.325,0.335,1.335
0,0,0,1.335,0.335,0.335,1.335
0,0,0,1.335,0.355,0.325,1.335
0,0,0,1.335,0.345,0.335,1.335
0,0,0,1.335,0.355,0.335,1.335
0,0,0,1.335,0.365,0.325,1.335
0,0,0,1.335,0.375,0.325,1.335
0,0,0,1.335,0.385,0.325,1.335
0,0,0,1.335,0.395,0.325,1.335
0,0,0,1.335,0.365,0.355,1.335
0,0,0,1.335,0.375,0.355,1.335
0,0,0,1.335,0.385,0.355,1.335
0,0,0,1.335,0.395,0.355,1.335
0,0,0,1.335,0.325,0.365,1.335
0,0,0,1.335,0.335,0.365,1.335
0,0,0,1.335,0.325,0.375,1.335
0,0,0,1.335,0.345,0.365,1.335
0,0,0,1.335,0.355,0.365,1.335
0,0,0,1.335,0.355,0.395,1.335
0,0,0,1.335,0.365,0.365,1.335
0,0,0,1.335,0.365,0.395,1.335
0,0,0,1.335,0.375,0.395,1.335
0,0,0,1.335,0.395,0.385,1.335
0,0,0,1.335,0.385,0.395,1.335
0,0,0,1.335,0.435,0.335,1.335
0,0,0,1.335,0.405,0.345,1.335
0,0,0,1.335,0.415,0.345,1.335
0,0,0,1.335,0.405,0.355,1.335
0,0,0,1.335,0.425,0.345,1.335
0,0,0,1.335,0.435,0.345,1.335
0,0,0,1.335,0.445,0.335,1.335
0,0,0,1.335,0.425,0.375,1.335
0,0,0,1.335,0.435,0.375,1.335
0,0,0,1.335,0.405,0.385,1.335
0,0,0,1.335,0.415,0.385,1.335
0,0,0,1.335,0.425,0.385,1.335
0,0,0,1.335,0.445,0.375,1.335
0,0,0,1.335,0.455,0.375,1.335
0,0,0,1.335,0.325,0.405,1.335
0,0,0,1.335,0.335,0.405,1.335
0,0,0,1.335,0.325,0.415,1.335
0,0,0,1.335,0.345,0.405,1.335
0,0,0,1.335,0.355,0.405,1.335
0,0,0,1.335,0.375,0.435,1.335
0,0,0,1.335,0.385,0.435,1.335
0,0,0,1.335,0.395,0.435,1.335
0,0,0,1.335,0.325,0.455,1.335
0,0,0,1.335,0.335,0.455,1.335
0,0,0,1.335,0.345,0.445,1.335
0,0,0,1.335,0.355,0.445,1.335
0,0,0,1.335,0.365,0.445,1.335
0,0,0,1.335,0.435,0.415,1.335
0,0,0,1.335,0.405,0.425,1.335
0,0,0,1.335,0.415,0.425,1.335
0,0,0,1.335,0.425,0.425,1.335
0,0,0,1.335,0.445,0.415,1.335
0,0,0,1.335,0.405,0.475,1.335
0,0,0,1.335,0.415,0.475,1.335
0,0,0,1.335,0.425,0.465,1.335
0,0,0,1.335,0.435,0.465,1.335
0,0,0,1.335,0.425,0.475,1.335
0,0,0,1.335,0.445,0.465,1.335
0,0,0,1.335,0.355,0.495,1.335
0,0,0,1.335,0.375,0.485,1.335
0,0,0,1.335,0.365,0.495,1.335
0,0,0,1.335,0.375,0.495,1.335
0,0,0,1.335,0.385,0.485,1.335
0,0,0,1.335,0.395,0.485,1.335
